-- MySQL dump 10.13  Distrib 8.0.43, for Win64 (x86_64)
--
-- Host: localhost    Database: plant_db
-- ------------------------------------------------------
-- Server version	8.0.43

/*!40101 SET @OLD_CHARACTER_SET_CLIENT=@@CHARACTER_SET_CLIENT */;
/*!40101 SET @OLD_CHARACTER_SET_RESULTS=@@CHARACTER_SET_RESULTS */;
/*!40101 SET @OLD_COLLATION_CONNECTION=@@COLLATION_CONNECTION */;
/*!50503 SET NAMES utf8mb4 */;
/*!40103 SET @OLD_TIME_ZONE=@@TIME_ZONE */;
/*!40103 SET TIME_ZONE='+00:00' */;
/*!40014 SET @OLD_UNIQUE_CHECKS=@@UNIQUE_CHECKS, UNIQUE_CHECKS=0 */;
/*!40014 SET @OLD_FOREIGN_KEY_CHECKS=@@FOREIGN_KEY_CHECKS, FOREIGN_KEY_CHECKS=0 */;
/*!40101 SET @OLD_SQL_MODE=@@SQL_MODE, SQL_MODE='NO_AUTO_VALUE_ON_ZERO' */;
/*!40111 SET @OLD_SQL_NOTES=@@SQL_NOTES, SQL_NOTES=0 */;

--
-- Table structure for table `crop`
--

DROP TABLE IF EXISTS `crop`;
/*!40101 SET @saved_cs_client     = @@character_set_client */;
/*!50503 SET character_set_client = utf8mb4 */;
CREATE TABLE `crop` (
  `crop_id` int NOT NULL AUTO_INCREMENT,
  `crop_name` varchar(100) DEFAULT NULL,
  PRIMARY KEY (`crop_id`)
) ENGINE=InnoDB AUTO_INCREMENT=841 DEFAULT CHARSET=utf8mb4 COLLATE=utf8mb4_0900_ai_ci;
/*!40101 SET character_set_client = @saved_cs_client */;

--
-- Dumping data for table `crop`
--

LOCK TABLES `crop` WRITE;
/*!40000 ALTER TABLE `crop` DISABLE KEYS */;
INSERT INTO `crop` VALUES (1,'甜椒'),(2,'萵苣'),(3,'甜瓜'),(4,'西瓜'),(5,'薑'),(6,'玉米百合'),(7,'玉米'),(8,'辣椒'),(9,'觀賞辣椒'),(10,'豌豆芽菜'),(11,'豌豆'),(12,'玉米筍'),(13,'檬果'),(14,'甘藍'),(15,'樹番茄'),(16,'青油菜'),(17,'紅龍果'),(18,'馬拉巴栗'),(19,'菊花'),(20,'火鶴'),(21,'玫瑰'),(22,'劍蘭'),(23,'百合'),(24,'其他蘭花'),(25,'小花蕙蘭'),(26,'虎頭蘭'),(27,'嘉德麗雅蘭'),(28,'仙履蘭'),(29,'石斛蘭'),(30,'文心蘭'),(31,'蝴蝶蘭'),(32,'其他景觀作物'),(33,'景觀小油菊'),(34,'景觀萬壽菊'),(35,'景觀波斯菊'),(36,'景觀向日葵'),(37,'其他綠肥作物'),(38,'魯冰'),(39,'青皮豆'),(40,'鐵虎豆'),(41,'苕子'),(42,'紫雲英'),(43,'田菁'),(44,'爬地蘭'),(45,'富貴豆'),(46,'太陽麻'),(47,'大豆類'),(48,'大菜'),(49,'埃及三葉草'),(50,'其他牧草'),(51,'其他長期牧草'),(52,'其他短期牧草'),(53,'青割玉米'),(54,'蘇丹草'),(55,'苜蓿草'),(56,'盤固拉草'),(57,'狼尾草'),(58,'尼羅草'),(59,'酒類製品'),(60,'蜂產品'),(61,'綜合蔬果製品'),(62,'其他特用作物加工製品'),(63,'胡麻製品'),(64,'薑黃製品'),(65,'愛玉製品'),(66,'茶製品'),(67,'油茶製品'),(68,'洛神葵製品'),(69,'香茅製品'),(70,'甘蔗製品'),(71,'咖啡製品'),(72,'梔子製品'),(73,'諾麗果製品'),(74,'風茹製品'),(75,'甜菊製品'),(76,'杭菊製品'),(77,'向日葵製品'),(78,'仙草製品'),(79,'紫蘇製品'),(80,'其他花卉加工製品'),(81,'油菊製品'),(82,'茉莉花製品'),(83,'玫瑰花製品'),(84,'其他水果加工製品'),(85,'可可製品'),(86,'栗子製品'),(87,'椰子製品'),(88,'橄欖製品'),(89,'棗製品'),(90,'梅製品'),(91,'李製品'),(92,'桃製品'),(93,'芒果製品'),(94,'龍眼製品'),(95,'荔枝製品'),(96,'枇杷製品'),(97,'梨製品'),(98,'蘋果製品'),(99,'木鱉果製品'),(100,'楊梅製品'),(101,'榴槤蜜製品'),(102,'桑椹製品'),(103,'波羅蜜製品'),(104,'柿製品'),(105,'釋迦製品'),(106,'奇異果製品'),(107,'紅龍果製品'),(108,'百香果製品'),(109,'楊桃製品'),(110,'葡萄製品'),(111,'蓮霧製品'),(112,'番石榴製品'),(113,'鳳梨製品'),(114,'香蕉製品'),(115,'木瓜製品'),(116,'金柑製品'),(117,'檸檬製品'),(118,'柑橘製品'),(119,'椪柑製品'),(120,'柳橙製品'),(121,'葡萄柚製品'),(122,'柚子製品'),(123,'其他蔬菜加工製品'),(124,'白木耳製品'),(125,'黑木耳製品'),(126,'猴頭菇製品'),(127,'杏鮑菇製品'),(128,'香菇製品'),(129,'草莓製品'),(130,'黃秋葵製品'),(131,'菱角製品'),(132,'番茄製品'),(133,'辣椒製品'),(134,'甜瓜製品'),(135,'西瓜製品'),(136,'越瓜製品'),(137,'苦瓜製品'),(138,'胡瓜製品'),(139,'絲瓜製品'),(140,'南瓜製品'),(141,'冬瓜製品'),(142,'蠶豆製品'),(143,'豌豆製品'),(144,'花豆製品'),(145,'毛豆製品'),(146,'金針花製品'),(147,'胡蘿蔔製品'),(148,'牛蒡製品'),(149,'蘿蔔製品'),(150,'馬鈴薯製品'),(151,'山藥製品'),(152,'山葵製品'),(153,'蘆筍製品'),(154,'薑製品'),(155,'芋頭製品'),(156,'蓮藕製品'),(157,'竹筍製品'),(158,'食用百合製品'),(159,'洋蔥製品'),(160,'蔥製品'),(161,'蒜製品'),(162,'羅勒製品'),(163,'菠菜製品'),(164,'芹菜製品'),(165,'芥菜製品'),(166,'油菜製品'),(167,'結球白菜製品'),(168,'甘藍製品'),(169,'其他五穀雜糧加工製品'),(170,'木薯製品'),(171,'甘藷製品'),(172,'綠豆製品'),(173,'紅豆製品'),(174,'落花生製品'),(175,'大豆製品'),(176,'薏苡製品'),(177,'燕麥製品'),(178,'蕎麥製品'),(179,'大麥製品'),(180,'高粱製品'),(181,'小米製品'),(182,'小麥製品'),(183,'玉米製品'),(184,'硬質玉米製品'),(185,'稻米製品'),(186,'其他特用作物'),(187,'其他長期特作'),(188,'其他短期特作'),(189,'其他飲料作物'),(190,'愛玉子'),(191,'茶'),(192,'洛神'),(193,'咖啡'),(194,'杭菊'),(195,'仙草'),(196,'其他香料作物'),(197,'香水蓮'),(198,'香草'),(199,'秀英'),(200,'茉莉花_薰芬茶用'),(201,'桂花'),(202,'檸檬香茅'),(203,'香茅'),(204,'蒔蘿'),(205,'芳香萬壽菊'),(206,'薄荷'),(207,'紫蘇'),(208,'其他澱粉作物'),(209,'紅蓮蕉'),(210,'蒟蒻'),(211,'葛鬱金'),(212,'葛藤'),(213,'其他染料作物'),(214,'薑黃'),(215,'大菁'),(216,'藷茛'),(217,'梔子'),(218,'大青'),(219,'紅花'),(220,'其他纖維作物'),(221,'瓊麻'),(222,'亞麻'),(223,'圓藺草'),(224,'苧麻'),(225,'大甲藺'),(226,'三角藺'),(227,'棉花'),(228,'貴黍'),(229,'其他糖料作物'),(230,'甘蔗'),(231,'甜菊'),(232,'其他嗜好作物'),(233,'菸草'),(234,'荖藤'),(235,'荖葉'),(236,'荖花'),(237,'其他油料作物'),(238,'胡麻'),(239,'小果種油茶'),(240,'大果種油茶'),(241,'向日葵_採種供作加工原料'),(242,'其他藥用作物'),(243,'杜虹花'),(244,'白花蛇舌草'),(245,'桋梧'),(246,'假人參'),(247,'蕺菜'),(248,'辣木'),(249,'山葡萄'),(250,'地黃'),(251,'七葉膽'),(252,'澤瀉'),(253,'白果'),(254,'香椿'),(255,'小葉藜'),(256,'何首烏'),(257,'南薑'),(258,'羊奶頭'),(259,'土肉桂'),(260,'肉桂'),(261,'桔梗'),(262,'黨蔘'),(263,'青葙'),(264,'法國綠莧'),(265,'金線蓮'),(266,'刺五加'),(267,'蓪草'),(268,'山芙蓉'),(269,'圓葉錦葵'),(270,'穿心蓮'),(271,'白鶴靈芝'),(272,'麥門冬'),(273,'蘆薈'),(274,'白藷莨'),(275,'枸杞'),(276,'葉用枸杞'),(277,'諾麗果'),(278,'桑黃'),(279,'茯苓'),(280,'樟芝'),(281,'槐耳'),(282,'通天草'),(283,'黃耆'),(284,'當歸'),(285,'柴胡'),(286,'明日葉'),(287,'艾草'),(288,'小金英'),(289,'蒲公英'),(290,'風茹草'),(291,'傷寒草'),(292,'六神花'),(293,'除蟲菊'),(294,'澤蘭'),(295,'款冬'),(296,'山防風'),(297,'荊芥'),(298,'筋骨草'),(299,'半支蓮'),(300,'丹參'),(301,'黃芩'),(302,'益母草'),(303,'草石蠶'),(304,'其他雜糧'),(305,'其他藷類'),(306,'木薯'),(307,'甘藷'),(308,'其他穀類'),(309,'臺灣藜'),(310,'高粱'),(311,'薏苡'),(312,'蕎麥'),(313,'燕麥'),(314,'小麥'),(315,'小米'),(316,'大麥'),(317,'其他豆類'),(318,'樹豆'),(319,'落花生'),(320,'米豆'),(321,'綠豆'),(322,'紅豆'),(323,'大豆'),(324,'珠廉'),(325,'鳳尾草'),(326,'高山羊齒'),(327,'腎蕨'),(328,'石蓮'),(329,'山蘇'),(330,'虎尾蘭'),(331,'常春藤'),(332,'蔓綠絨'),(333,'電信蘭'),(334,'黃金葛'),(335,'其他多年生草本'),(336,'球薑'),(337,'火炬花'),(338,'野薑花'),(339,'薑荷花'),(340,'月桃'),(341,'水蠟燭'),(342,'天堂鳥'),(343,'聖誕果'),(344,'牛頭茄'),(345,'金魚草'),(346,'泡盛草'),(347,'陸蓮花'),(348,'飛燕草'),(349,'夢幻草'),(350,'白頭翁'),(351,'銀蘆'),(352,'星辰花'),(353,'豇豆'),(354,'蠶豆'),(355,'翼豆'),(356,'萊豆'),(357,'鵲豆'),(358,'毛豆'),(359,'刀豆'),(360,'菜豆'),(361,'其他花菜苗'),(362,'其他花菜'),(363,'金針花'),(364,'石蓮花'),(365,'朝鮮薊'),(366,'青花菜'),(367,'花椰菜'),(368,'其他根菜'),(369,'胡蘿蔔'),(370,'甜菜根'),(371,'闊葉大豆'),(372,'豆薯'),(373,'雪蓮薯'),(374,'辣根'),(375,'瑞典蕪菁'),(376,'蘿蔔'),(377,'其他莖菜'),(378,'仙人掌肉質莖'),(379,'碧玉筍'),(380,'晚香玉筍'),(381,'食用大黃'),(382,'水蓮'),(383,'薯蕷'),(384,'荸薺'),(385,'蓴菜'),(386,'馬鈴薯'),(387,'慈菇'),(388,'萵苣莖'),(389,'菊芋'),(390,'黃藤心'),(391,'半天筍'),(392,'山葵'),(393,'球莖甘藍'),(394,'蘆筍'),(395,'蘘荷'),(396,'芋'),(397,'蓮'),(398,'茭白筍'),(399,'甘蔗筍'),(400,'牧草筍'),(401,'竹筍'),(402,'其他鱗莖'),(403,'食用百合'),(404,'蝦夷蔥'),(405,'蕎頭'),(406,'洋蔥'),(407,'韭蔥'),(408,'分蔥'),(409,'蔥'),(410,'蒜頭'),(411,'大蒜'),(412,'其他葉菜苗'),(413,'其他葉菜'),(414,'麻意'),(415,'糯米糰'),(416,'龍葵'),(417,'食茱萸'),(418,'學菜'),(419,'水合歡'),(420,'過溝菜蕨'),(421,'龍鳳草'),(422,'人蔘菜'),(423,'馬齒莧'),(424,'番杏'),(425,'冰花'),(426,'羅勒'),(427,'山菠菜'),(428,'葉用甘藷'),(429,'蕹菜'),(430,'藤三七'),(431,'落葵'),(432,'韭菜'),(433,'菾菜'),(434,'菠菜'),(435,'莧菜'),(436,'香芹菜'),(437,'水芹'),(438,'茴香'),(439,'刺芹'),(440,'芫荽'),(441,'芹菜'),(442,'闊苞菊'),(443,'白鳳菜'),(444,'紅鳳菜'),(445,'茼蒿'),(446,'山茼蒿'),(447,'吉康菜'),(448,'苦苣'),(449,'珍珠菜'),(450,'葉用蘿蔔'),(451,'西洋菜'),(452,'芝麻菜'),(453,'薺菜'),(454,'千寶菜'),(455,'油江菜'),(456,'廣島菜'),(457,'青菘菜'),(458,'小菘菜'),(459,'菜心'),(460,'水菜'),(461,'塌棵菜'),(462,'油菜'),(463,'不結球白菜'),(464,'芥菜'),(465,'結球白菜'),(466,'黑種草'),(467,'觀賞玉米'),(468,'古代稀'),(469,'貝殼花'),(470,'洋桔梗'),(471,'羽衣甘藍'),(472,'芥藍'),(473,'其他稻米'),(474,'秈糯'),(475,'稉糯'),(476,'軟秈'),(477,'硬秈'),(478,'稉稻'),(479,'觀賞南瓜'),(480,'松蟲草'),(481,'風鈴花'),(482,'紫羅蘭'),(483,'葉牡丹'),(484,'百日草'),(485,'鱗托菊'),(486,'瓜葉菊'),(487,'向日葵'),(488,'矢車菊'),(489,'雲南菊'),(490,'金盞花'),(491,'千日紅'),(492,'藜'),(493,'雞冠花'),(494,'紅莧菜'),(495,'雁來紅'),(496,'萬代蘭'),(497,'腎藥蘭'),(498,'皇后蘭'),(499,'樹攔'),(500,'蜘蛛蘭'),(501,'千代蘭'),(502,'其他果樹'),(503,'可可'),(504,'胡桃'),(505,'蘋婆'),(506,'長山核桃'),(507,'澳洲胡桃'),(508,'栗子'),(509,'胡榛子'),(510,'腰果'),(511,'扁桃'),(512,'杏仁'),(513,'檳榔'),(514,'椰子'),(515,'其它核果'),(516,'棗椰子'),(517,'爪哇橄欖'),(518,'橄欖'),(519,'錫蘭橄欖'),(520,'印度棗'),(521,'中國棗'),(522,'酪梨'),(523,'梅'),(524,'杏'),(525,'櫻桃'),(526,'李'),(527,'桃'),(528,'油柑'),(529,'紅毛丹'),(530,'龍眼'),(531,'荔枝'),(532,'其他仁果'),(533,'枇杷'),(534,'梨'),(535,'蘋果'),(536,'其他漿果'),(537,'木鱉果'),(538,'山竹'),(539,'榴槤'),(540,'西印度櫻桃'),(541,'人心果'),(542,'神秘果'),(543,'黃金果'),(544,'蛋黃果'),(545,'石榴'),(546,'楊梅'),(547,'榴槤蜜'),(548,'桑椹'),(549,'小波羅蜜'),(550,'波羅蜜'),(551,'無花果'),(552,'麵包果'),(553,'柿'),(554,'羅望子'),(555,'釋迦'),(556,'藍莓'),(557,'奇異果'),(558,'百香果'),(559,'楊桃'),(560,'葡萄'),(561,'嘉寶果'),(562,'蓮霧'),(563,'番石榴'),(564,'鳳梨'),(565,'芭蕉'),(566,'香蕉'),(567,'番木瓜'),(568,'其他柑橘'),(569,'金柑與小果柑橘'),(570,'枸櫞'),(571,'甜橙'),(572,'寬皮柑'),(573,'葡萄柚'),(574,'柚子'),(575,'其他蔬菜'),(576,'其他長期蔬菜'),(577,'其他短期蔬菜'),(578,'採種用蔬菜'),(579,'小海帶'),(580,'髮菜'),(581,'海菜'),(582,'海帶'),(583,'其他菇類'),(584,'松茸'),(585,'紫丁香蘑'),(586,'金福菇'),(587,'白玉菇'),(588,'鴻喜菇'),(589,'酒杯菇'),(590,'白木耳'),(591,'金耳'),(592,'滑菇'),(593,'草菇'),(594,'粉紅玫瑰菇'),(595,'蠔菇'),(596,'秀珍菇'),(597,'白靈菇'),(598,'杏鮑菇'),(599,'鮑魚菇'),(600,'珊瑚菇'),(601,'竹蓀'),(602,'舞菇'),(603,'香菇'),(604,'金針菇'),(605,'猴頭菇'),(606,'靈芝'),(607,'北蟲草'),(608,'牛肝菌'),(609,'茶樹菇'),(610,'毛木耳'),(611,'斤耳'),(612,'黑木耳'),(613,'雞肉絲菇'),(614,'雞腿菇'),(615,'巴西蘑菇'),(616,'洋菇'),(617,'其他芽菜'),(618,'綠豆芽'),(619,'紅豆芽'),(620,'蠶豆芽'),(621,'苜蓿芽'),(622,'黑豆芽'),(623,'黃豆芽'),(624,'蕎麥芽菜'),(625,'落花生芽菜'),(626,'蘿蔔芽菜'),(627,'青花菜芽菜'),(628,'芥藍芽菜'),(629,'甘藍芽菜'),(630,'其他果菜苗'),(631,'其他果菜'),(632,'草莓'),(633,'黃秋葵'),(634,'菱角'),(635,'破布子'),(636,'香瓜茄'),(637,'茄子'),(638,'小果番茄'),(639,'番茄'),(640,'其他瓜菜'),(641,'蛇瓜'),(642,'隼人瓜'),(643,'越瓜'),(644,'苦瓜'),(645,'胡瓜'),(646,'絲瓜'),(647,'扁蒲'),(648,'南瓜'),(649,'冬瓜'),(650,'小菊'),(651,'紫菀'),(652,'紐西蘭麻'),(653,'火炬百合'),(654,'萱草'),(655,'狐尾百合'),(656,'假葉樹'),(657,'鳴子百合'),(658,'天鵝絨'),(659,'伯利恆之星'),(660,'風信子'),(661,'吊蘭'),(662,'葉蘭'),(663,'文竹'),(664,'蘆筍草'),(665,'武竹'),(666,'夜來香'),(667,'翠珠花'),(668,'海芋'),(669,'合果芋'),(670,'白鶴芋'),(671,'黛粉葉'),(672,'觀音蓮'),(673,'唐棉'),(674,'紫嬌花'),(675,'火球花'),(676,'孤挺花'),(677,'文殊蘭'),(678,'繡球蔥'),(679,'百子蓮'),(680,'水仙'),(681,'石蒜'),(682,'君子蘭'),(683,'水仙百合'),(684,'菖蒲'),(685,'其他木本花卉'),(686,'山茶花'),(687,'木羊齒'),(688,'柳'),(689,'七里香'),(690,'六月雪'),(691,'仙丹花'),(692,'梔子花'),(693,'寒丁子'),(694,'麻葉繡球'),(695,'海神花'),(696,'針墊花'),(697,'雪松'),(698,'新西蘭'),(699,'林投'),(700,'牡丹'),(701,'女貞'),(702,'茉莉'),(703,'素馨'),(704,'連翹'),(705,'尤加利'),(706,'蠟梅'),(707,'降天桑'),(708,'香樹蘭'),(709,'洛神葵'),(710,'玉蘭花'),(711,'金絲桃'),(712,'金雀花'),(713,'三角尤加利'),(714,'聖誕紅'),(715,'羽毛花'),(716,'變葉木'),(717,'蘇鐵'),(718,'側柏'),(719,'香冠柏'),(720,'柳杉'),(721,'扁柏'),(722,'征木'),(723,'五彩千年木'),(724,'星點木'),(725,'青竹'),(726,'百合竹'),(727,'虎斑木'),(728,'朱蕉'),(729,'觀音棕竹'),(730,'黃椰子'),(731,'八角金盤'),(732,'藍星花'),(733,'其他一二年生草本'),(734,'紅茄'),(735,'蚌蘭'),(736,'宮燈百合'),(737,'嘉蘭'),(738,'滿天星'),(739,'深山櫻'),(740,'康乃馨'),(741,'夕霧花'),(742,'三角桔梗'),(743,'美人蕉'),(744,'擎天鳳梨'),(745,'觀果鳳梨'),(746,'蜻蜓鳳梨'),(747,'麥桿菊'),(748,'琉璃菊'),(749,'一枝黃花'),(750,'澳洲鼓槌菊'),(751,'麟麟菊'),(752,'非洲菊'),(753,'白藍菊'),(754,'大理花'),(755,'波斯菊'),(756,'麵線菊'),(757,'大菊'),(758,'射干'),(759,'鳶尾'),(760,'小蒼蘭'),(761,'段菊'),(762,'繡球花'),(763,'赫蕉'),(764,'袋鼠花'),(765,'龍膽'),(766,'羽扇豆'),(767,'金翠花'),(768,'八卦草'),(769,'初雪草'),(770,'水莞'),(771,'巨果薑'),(772,'水晶花'),(773,'補雪草'),(774,'卡斯比亞'),(775,'虎尾花'),(776,'睡蓮'),(777,'竹芋'),(778,'鬱金香'),(779,'波羅門蔘'),(780,'牛蒡'),(781,'其他堅果'),(782,'雲芝'),(783,'其他豆菜'),(784,'龍鬚菜'),(785,'食用薊'),(802,'皇帝豆'),(803,'包心白菜'),(804,'青江白菜'),(805,'敏豆'),(806,'小黃瓜'),(807,'旱芹'),(808,'粉豆'),(809,'桑果'),(810,'洋香瓜'),(811,'柑桔'),(812,'柿子'),(813,'文旦'),(814,'樹葡萄'),(815,'牛奶果'),(816,'草花'),(817,'球根花卉'),(818,'蘭類'),(819,'觀葉植物'),(820,'香花植物'),(821,'觀賞樹木'),(822,'菊科'),(823,'薑科'),(824,'荖籐'),(825,'烏心石'),(826,'茉草'),(827,'水稻'),(828,'肖楠'),(829,'大葉楠'),(830,'冬蟲夏草'),(831,'水黃皮'),(832,'草皮'),(833,'牛樟'),(834,'雜草'),(835,'菊苣'),(836,'蘿勒'),(837,'黑松'),(838,'檜木'),(839,'柳樹'),(840,'蘋婆果');
/*!40000 ALTER TABLE `crop` ENABLE KEYS */;
UNLOCK TABLES;

--
-- Table structure for table `disease`
--

DROP TABLE IF EXISTS `disease`;
/*!40101 SET @saved_cs_client     = @@character_set_client */;
/*!50503 SET character_set_client = utf8mb4 */;
CREATE TABLE `disease` (
  `disease_id` int NOT NULL AUTO_INCREMENT,
  `crop_id` int NOT NULL,
  `disease_name` varchar(100) NOT NULL,
  `disease_type` varchar(50) DEFAULT NULL,
  `description` text NOT NULL,
  PRIMARY KEY (`disease_id`),
  KEY `crop_id` (`crop_id`),
  CONSTRAINT `disease_ibfk_1` FOREIGN KEY (`crop_id`) REFERENCES `crop` (`crop_id`)
) ENGINE=InnoDB AUTO_INCREMENT=586 DEFAULT CHARSET=utf8mb4 COLLATE=utf8mb4_0900_ai_ci;
/*!40101 SET character_set_client = @saved_cs_client */;

--
-- Dumping data for table `disease`
--

LOCK TABLES `disease` WRITE;
/*!40000 ALTER TABLE `disease` DISABLE KEYS */;
INSERT INTO `disease` VALUES (1,97,'經組織分離產胞鑑定是為黑斑病','其他','梨(高接)於幼果果實底端處有黑色之斑點。 \n\n  梨(高接)於花朵上有褐色之斑點。'),(2,367,'經鑑定是為根瘤病','其他','花椰菜根部腫大成瘤狀物，一塊最近幾年都無法種植。'),(3,2,'研判為植物生理障礙','環境生理','萵苣(水耕栽培)幼苗，葉緣變褐色乾枯。。'),(4,398,'胡麻葉枯病','其他','茭白筍新梢，葉片上有不規則形褐色斑點，外圍黃暈。'),(5,398,'經顯微鏡檢鑑定是為銹病','其他','茭白筍幼苗葉片，由下位葉葉片之下表皮發生赤褐色凸起斑點。'),(6,398,'菌引起之胡麻葉枯病','其他','茭白葉片有深褐色近似橢圓型之斑點。'),(7,398,'經診斷是胡麻葉枯病','其他','茭白葉片有長條似圓型之深褐色斑點，外圍有黃色暈環。'),(8,150,'經組織分離有細菌產生是為細菌性病','細菌','馬鈴薯塊莖外表皮有凹陷大斑點，切開裏面組織也褐變。'),(9,150,'經診斷是放射線菌危害造成之瘡痂病','其他','馬鈴薯果實於表皮有暗褐色稍凸起疤痕。'),(10,802,'莖上之白色菌絲後轉為黑色大粒菌核經鑑定是為菌核病','其他','皇帝豆莖部有白色菌絲，被害部褐化死亡。'),(11,802,'經顯微鏡鏡檢鑑定是炭疽病','其他','皇帝豆豆莢上有大型暗褐色斑點，內部果實變黑腐爛。 '),(12,8,'炭疽病','其他','辣椒枝梢，果實上有不規則形褐色凹陷斑點，上有桔粉色粘狀物產生。'),(13,8,'檢驗未發現病原真菌和細菌和蟲','真菌','辣椒果實，表皮偏黃，成熟時不易轉色、色澤不均。'),(14,8,'經鑑定是為病毒病','病毒','辣椒種植於育苗盆內株高6～8公分，有些植株較矮，葉片上有黃綠嵌紋，罹病率為30～40%。'),(15,8,'經顯微鏡鏡檢是為炭疽病','其他','辣椒果實有褐黑色凹陷大斑，上有黑色小粒。'),(16,8,'於葉片掉落之心芽及枝條，用解剖','其他','辣椒心葉捲曲無法伸展，嚴重者葉片掉落。'),(17,8,'經組織分離產胞診斷是炭疽病','其他','辣椒有褐色小斑點，逐漸擴大轉為黑褐色乾枯。'),(18,1,'經組織分離鑑定是為細菌性斑點病','細菌','甜椒葉片有暗綠色斑點，斑點中央後期褐化、死亡，病斑可擴大互相癒合，導致全葉枯萎脫落。'),(19,1,'經顯微鏡檢是為灰黴病','其他','甜椒果實有軟腐大斑點，斑點上有灰色黴狀物。'),(20,1,'經顯微鏡檢發現有很多細菌是為細菌性病','細菌','甜椒維管束褐變植株萎凋死亡。'),(21,1,'經組織分離產胞鑑定，是為鐮胞菌','其他','甜椒（彩色品種）植株地際莖部變褐色，造成植株萎凋死亡。'),(22,1,'經鑑定是為疫病','其他','甜椒（天王星品種）植株地際莖部變褐色，造成植株萎凋死亡。'),(23,1,'經顯微鏡檢鑑定是為炭疽病','其他','甜椒果實有大型黑褐色斑點，斑點中央向下凹陷，有黑色小粒。'),(24,1,'經鑑定是為細滿為害。','其他','甜椒心葉捲曲皺縮無法正常伸展。'),(25,1,'是為黑斑病','其他','銘星品種甜椒葉片於葉尖葉緣有黑褐化大斑點，斑點組織變薄，嚴重者葉片黑褐化乾枯。'),(26,1,'經顯微鏡鏡檢鑑定是白粉病','其他','甜椒葉片下表皮有白色粉狀物，嚴重葉片有黑褐色壞疽斑甚至落葉。'),(27,1,'鑑定是疫病','其他','甜椒植株地際莖部變黑褐色腐爛，地上部葉片萎凋。'),(28,137,'經顯微鏡檢鑑定是為白粉病','其他','苦瓜葉片下表皮有白色粉狀物，初期黃化，後期會褐化乾枯。'),(29,137,'經鑑定是為病毒病','病毒','苦瓜於果實上有褐色之斑點，嚴重時會擴大相互癒合，組織內也有褐色現象，久煮不爛。'),(30,137,'鑑定是為鐮胞菌引起之萎凋病','其他','苦瓜莖部呈水浸狀褐化腐爛，造成地上部葉片萎凋。'),(31,137,'用解剖顯微鏡鏡檢鑑定是為咖啡硬介殼蟲','害蟲','苦瓜地上莖部佈滿褐色凸起有殼之蟲体。'),(32,137,'是白粉病','其他','苦瓜葉片上表皮均勻分佈有圓型及不定型黃化大小斑點。'),(33,139,'經檢測沒有發現被褪綠黃化病','病毒','絲瓜葉片黃化褪綠捲曲，葉下表皮有蟲體。'),(34,139,'葉蟬','害蟲','絲瓜絲瓜藤，葉片和葉柄捲曲皺縮，有不規則形黃色斑點，葉下表皮有蟲體。'),(35,139,'露菌病','其他','絲瓜葉片，上有黃色不規則形斑點。'),(36,139,'經組織分離產胞鑑定是為鐮胞菌引起之萎凋病','其他','絲瓜地際莖部一邊變黑色，切開維管束褐變，有流膠現象，嚴重者地上部葉片萎凋。'),(37,157,'經鑑定是為細菌性萎凋病','細菌','孟宗竹地際部變褐色軟化腐爛。'),(38,157,'經鑑定是為竹盲椿象為害。','其他','竹筍葉片，均勻整齊分佈近似方型的白色斑點。'),(39,155,'研判與植物生理障礙','環境生理','芋頭地下塊莖，(有機栽培)採收時外觀正常，交貨至市場後才發現局部塊莖變褐色、有異味，壞疽周圍組織變黃。 '),(40,155,'經組織分離產胞鑑定是為鐮胞菌。','其他','方心芋地下塊莖變深褐色，嚴重者地上部乾枯。'),(41,155,'經組織分離鑑定是為細菌性軟腐病','細菌','芋頭莖部腐爛，地上部葉片黃化萎凋。'),(42,155,'經組織分離有細菌產生是為細菌性軟腐病','細菌','芋塊莖外表腐爛，切開後中間有褐色腐爛斑點。'),(43,155,'經鑑定是為白絹病','其他','芋塊莖外表腐爛並有白色菌絲及菌核產生 。'),(44,155,'經解剖顯微鏡鏡檢鑑定是紅蜘蛛危','其他','芋葉片下表皮出現全面性暗色現象，上有紅色蟲體。 '),(45,165,'經顯微鏡鏡檢鑑定是為鐮胞菌為害','其他','芥菜幼苗下位葉之葉片黃化，會漸漸向上位葉蔓延，切開地際莖部褐化。'),(46,803,'經組織分離鑑定為細菌性病','細菌','包心白菜地際莖部維管束褐變，嚴重維管束變黑色，整株會腐爛，於地上部葉片也有黑色小斑點，嚴重會腐爛。'),(47,803,'經鑑定是為根瘤病','其他','白菜根部腫大成瘤狀物，一塊最近幾年都無法種植。'),(48,803,'經切片顯微鏡鏡檢及組織分離均發現細菌是細菌性病','細菌','包心白菜葉片由葉緣有淡褐色斑點會漸往內蔓延，嚴重葉片腐爛。 '),(49,803,'經組織分離產胞鑑定是炭疽病','其他','白菜植株莖部及葉片下表皮均勻分佈有不定型黑褐色小斑點，多發生於下位葉。 '),(50,174,'研判非生物因子所引起。','其他','落花生葉片上有褐色不規則形斑點，均發生於下位葉，心葉正常。'),(51,174,'經顯微鏡鏡檢鑑定是為銹病','其他','落花生葉片下表皮有凸起暗褐色斑點，表面破裂會釋放出銹褐色之粉末。'),(52,174,'經組織分離產胞鑑定是為鐮胞菌為','其他','落花生豆莢外表有黑色斑點，直徑0.1～0.5公分，斑點會擴大相互癒合，嚴重者豆莢整個變黑色。'),(53,174,'經解剖顯微鏡鏡檢是葉&amp;','其他','落花生葉片均勻分佈似圓形約0.1公分褐色小斑點。'),(54,174,'菌引起之凋萎病','其他','落花生離地面一公分莖部暗褐色腐爛。'),(55,14,'黑腐病','其他','甘藍幼苗，葉片呈黃褐色v字形斑點。'),(56,14,'引起黃葉病','其他','球莖甘藍幼苗，葉片呈缺水狀萎凋，地際部隘縮，縱剖莖部中空，維管束已變色。'),(57,14,'細菌性斑點病','細菌','甘藍(初秋)盤苗，初期葉片上有不規則形黃褐色斑點，嚴重時整葉變黃脫落。'),(58,14,'引起甘藍黃葉病','其他','甘藍植株，葉片黃化，生長停頓，縱剖維管束已變褐色，有空洞，且有臭味產生。'),(59,14,'研判與植物生理障礙','環境生理','甘藍，莖部呈中空狀，縱剖中心部位呈中空部份組織木栓鈣化。'),(60,14,'經切片顯微鏡檢發現有細菌是為細菌性病','細菌','甘藍下位葉之葉片有褐化斑點，外圍有黃化現象，嚴重者斑點處會乾枯。'),(61,14,'是為鐮胞菌引起之萎凋病','其他','甘藍植株由下位葉之葉緣開始黃化，嚴重時整片葉黃化萎凋，切開地際莖部維管束褐變。'),(62,14,'經顯微鏡檢鑑定是為露菌病','其他','甘藍幼苗葉片出現不明顯黃綠色小斑點，漸擴大成灰白色多角形病斑，於葉片上下表皮均有白色黴狀物產生。'),(63,14,'是為細菌性病','細菌','球莖甘藍葉片有褐色圓型之斑點，中央變薄且有破洞。'),(64,14,'診斷是細菌性病','細菌','甘藍幼苗葉片上有直徑0.1公分黃褐色圓型斑點外圍有黃暈。'),(65,159,'研判非生物因子所引起。','其他','蔥植株，由葉尖往下呈條狀黃化乾枯，採收前曾淹水施用氮肥。 '),(66,159,'疫病','其他','洋蔥幼苗，種植約20天，葉片黃化乾枯，地際莖部腐爛，且有白色黴狀物。 '),(67,159,'經顯微鏡檢是為炭疽病','其他','蔥於葉片上有褐色之大斑點，嚴重者會乾枯，上有黑色小粒。'),(68,159,'引起之真菌性病','真菌','蔥之葉尖會褐化乾枯，上有黑色小粒。'),(69,159,'經鑑定是銹病','其他','蔥葉片表皮有稍突起橘紅色粉狀物。'),(70,159,'經顯微鏡鏡檢鑑定是炭疽病','其他','蔥葉片上有褐黑色大型凹陷斑點。 '),(71,159,'經解剖顯微鏡鏡檢診斷研判是薊馬','其他','蔥老葉及新展開之新葉皆有條狀淡黃色斑紋。 '),(72,159,'經根組織分離產胞鑑定是鐮胞菌危','其他','蔥由下位葉之葉尖開始黃化乾枯漸往下蔓延，嚴重整片葉乾枯，根系發育不良。 '),(73,159,'經診斷是白絹病','其他','蔥植株由下位葉先黃化爾後乾枯，會漸往上蔓延，根系生長不良，於地際莖部有白色菌絲及菌核(雲林縣 許敏偉)。 '),(74,804,'經切片顯微鏡檢是為細菌性病','細菌','青江白菜葉片上有黑褐色之斑點，中央會凹陷有破洞，於斑點外圍有黃化現象。'),(75,804,'經鑑定是為根瘤病','其他','白菜根部腫大成瘤狀物，一塊最近幾年都無法種植。'),(76,16,'經切片及組織分離均發現細菌是為細菌性病','細菌','油菜葉片有黑褐色之斑點水浸狀，於斑點中央會變薄及破洞。'),(77,805,'發現有幼蟲','害蟲','敏豆播種於葡萄籐架下每穴三粒種子，長出來植株莖部深褐化，易腐爛造成地上部葉片萎凋。'),(78,805,'經鑑定是為薊馬為害。','其他','敏豆葉片有皺縮捲曲之現象，一般均於葉尖且於葉背之葉脈均有明顯褐化食痕。'),(79,805,'經顯微鏡檢鑑定是為為炭疽病','其他','敏豆果實有褐黑色凹陷之斑點，嚴重時會遂漸擴大。'),(80,805,'經鑑定是豆潛蠅危害。 ','其他','敏豆葉片沿著葉脈有條狀褐色斑點。'),(81,805,'經組織分離產胞鑑定是鐮胞菌危害','其他','敏豆由下位葉葉片往上黃化，地際莖部變黑褐色。 '),(82,805,'經地際莖部組織分離產胞診斷是萎凋病','其他','敏豆植株葉片黃化萎凋，地際莖部變深褐色會逐漸往上蔓延。 '),(83,805,'經切片鏡檢鑑定是細菌性病','細菌','敏豆植株及葉片，葉上表皮均勻分佈暗褐色斑。 '),(84,445,'經組織分離產胞鑑定是為炭疽病','其他','茼蒿葉片有褐色斑點，中央變薄破裂。'),(85,445,'經組織分離產胞鑑定為鐮胞菌引起之萎凋病','其他','茼蒿於地際莖部容易斷裂，往下根中心部位均已褐化會造成萎凋。'),(86,445,'是為鐮胞菌引起之萎凋病','其他','茼蒿葉片褐化萎凋，地際莖部變黑褐色，嚴重植株萎凋死亡。'),(87,438,'經組織分離產胞鑑定均為鐮胞菌。','其他','茴香地際莖部變褐色軟化，易用手拔起。'),(88,2,'研判非生物因子所引起。','其他','結球萵苣外葉3-4葉正常，內包葉主葉脈腫大，顏色變白，且有褐色不規則形斑點，包葉越裡面症狀越明顯，採收時才發現，前期作為水稻田。'),(89,2,'經組織分離產胞鑑定均為鐮胞菌。','其他','於連作田，萵苣植株由下位葉開始黃化，地際莖部變深褐色易斷裂。'),(90,2,'引起之葉枯病','其他','萵苣葉片有小褐色之斑點，嚴重者會擴大成黑褐色之大斑點。'),(91,2,'引起之葉斑病','其他','萵苣於葉片上有褐色圓形小斑點，中央乾枯破裂。'),(92,2,'經組織分離鑑定是為細菌性病','細菌','萵苣葉片呈水浸狀，莖部變褐色。'),(93,2,'引起之露菌病','其他','萵苣葉片上有白色黴狀物。'),(94,2,'經光學顯微鏡鏡檢診斷是葉枯病','其他','萵苣於下位葉葉片有直徑0.1-0.2公分圓形褐色斑點。'),(95,2,'經組織分離診斷是腐敗病','其他','萵苣(水耕)植株由下位葉葉片開始黃化，根部變褐色。'),(96,164,'是為黃萎病','其他','芹菜地際莖部腐爛維管束褐化，嚴重植株黃化萎凋。'),(97,164,'菌引起之黑斑病','其他','芹菜由下位葉開始發生，初期有不定型褐化斑點，直徑約0.1~0.7公分，嚴重者會乾枯。'),(98,435,'經組織分離鑑定是為立枯絲核菌。','其他','莧菜幼苗葉片有黃化小型網狀斑點。'),(99,435,'經鑑定是為白銹病','其他','莧菜葉片下表有白色突起斑點，上表皮有黃化斑點。'),(100,163,'經組織分離鑑定是為立枯絲核菌引起之立枯病','其他','菠菜之地上部由下位葉萎凋，根部之根尖褐化。'),(101,163,'經鑑定是為斑潛蠅為害。','其他','菠菜葉片上表皮有淡黃色小斑點，下表皮則有突起之小斑點，於園內大量發生。'),(102,163,'經顯微鏡鏡檢鑑定是露菌病','其他','菠菜葉片上表皮出現不定型黃色斑點，下表皮有灰黑色黴狀物。'),(103,163,'經阻織分離產胞鑑定是鐮胞菌引起之萎凋病','其他','菠菜植株由下位葉葉片黃化萎凋，嚴重整株萎凋死亡。'),(104,411,'根&amp;#34766;。','其他','蒜植株於6月30日種植7月下旬開始發生異常，由下位葉葉片黃化乾枯，根群生長不良，嚴重時整株枯死，縱剖局部植株莖部變褐色。'),(105,411,'是為鐮胞菌引起之萎黃病','其他','大蒜下位葉黃化，地際莖部切開褐變。'),(106,411,'經鑑定是為病毒病','病毒','大蒜整區下位葉黃化爾後褐化，較上位葉片之葉尖也有黃化現象，葉片則有系統性之黃化現象，有的部位淡褐化凹陷斑點（雲林縣西螺鎮　廖家進）。'),(107,411,'經解剖顯微鏡檢是為蔥潛蠅為害。','其他','大蒜葉片上可見白色隧道式食痕，也有排泄物，並可見幼蟲鑽食。'),(108,411,'經地際莖部組織分離有細菌產生是為細菌性軟腐病','細菌','大蒜葉片由葉尖黃化，地際莖部及根部褐化腐爛。'),(109,367,'黑腐病','其他','花椰菜(6842日本龍頂)盤穴盤苗，局部葉片葉緣呈v字型黃褐色斑點。'),(110,367,'未發現病原菌和蟲','害蟲','花椰菜盤穴盤苗，中段莖部變褐色乾枯，新梢萎凋。'),(111,367,'細菌性斑點病','細菌','花椰菜盤苗，初期葉片上有不規則形黃褐色斑點，嚴重時整葉變黃脫落。'),(112,367,'經組織分離診斷是腐敗病','其他','花椰菜(綠色品種)莖部變黑褐色腐爛。'),(113,806,'經組分離鑑定，是為立枯絲核菌為','其他','小黃瓜地際莖部褐化凹陷有裂痕，種植土壤為培養土，上作種植聖女小番茄，發生之數量很多（南投縣埔里鎮　蘇文杰）。'),(114,806,'經地際莖部組織分離產胞鑑定是鐮胞菌引起之萎凋病','其他','小黃瓜地際莖部褐化腐爛，由下位葉開始萎凋，會漸漸向上蔓延。 '),(115,806,'經解剖顯微鏡鏡檢鑑定是薊馬為害','其他','小胡瓜果實表面有一層灰白色大斑點。 '),(116,472,'引起之根瘤病','其他','芥藍根部腫大成瘤狀物。'),(117,472,'菌引起之腐敗病','其他','芥藍由莖部中段呈暗綠色腐爛，會擴散蔓延。 '),(118,138,'根瘤線蟲和萎凋病','害蟲','胡瓜植株，葉片乾枯，植株呈萎凋狀，地際莖部隘縮、縱裂，根部生長不良，縱剖維管束已變色。'),(119,138,'引起之立枯病','其他','胡瓜(翠菇)植株，葉片變褐色乾枯，植株呈萎凋狀，根部有不小不一腫瘤，縱剖維管束未變色。'),(120,138,'研判為非生物因子引起 。','其他','胡瓜幼苗，葉片上呈現大面積白化斑點，8月15日種植，8月26日發現異常。'),(121,138,'是為鐮胞菌引起之萎凋病','其他','小胡瓜植株萎凋，地際莖部外表黃化，裏面維管束褐化。'),(122,138,'鑑定是為疫病','其他','胡瓜地際莖部軟化腐爛，維管束褐變造成植株萎凋死亡。'),(123,138,'經顯微鏡檢鑑定是為炭疽病','細菌','小胡瓜於葉片上有黃褐色之斑點，中央變薄且有破洞。\n  小胡瓜於葉脈處有深褐色之斑點，似系統性分佈。'),(124,138,'是為菌核病','其他','小胡瓜果實底部有白色流膠及軟化現象。'),(125,138,'菌引起之腐敗病','其他','小胡瓜地際莖部維管束褐化，地上莖部葉片黃化萎凋。'),(126,138,'鑑定是細菌性病','細菌','胡瓜由下位葉黃化萎凋，根部褐化腐爛，切開地際莖部維管束褐化(南投縣 劉有用)。 '),(127,138,'診斷是細菌性斑點病','細菌','胡瓜葉上表皮有橢圓形斑或角斑，外圍有水浸狀。 '),(128,138,'診斷是疫病','其他','小胡瓜莖部呈水浸狀，圓形或不正形，高溫多濕時軟化腐爛，較乾時淡褐色乾枯易破裂，根部及地際莖部被害時整株枯萎(南投縣 溫進忠)。 '),(129,138,'是炭疽病','其他','胡瓜葉片上表皮均勻分佈有圓型大小稍凹陷褐斑，後期易破裂。 '),(130,637,'青枯病','其他','茄子植株，葉片呈缺水性萎凋。'),(131,637,'經顯微鏡檢發現有菌泥流出是為細菌性青枯病','細菌','茄子植株約50公分高，整株萎凋似缺水狀，切開地際莖部維管束褐化。'),(132,637,'經鑑定是為茶細滿為害所造成。','其他','茄子葉背呈螢光褐化，葉片變硬肥厚。'),(133,637,'經解剖顯微鏡鏡檢發現有根瘤線蟲雌蟲','害蟲','茄子植株生長勢衰弱，根部有不規則腫瘤。'),(134,15,'生理障礙','環境生理','番茄植株，初期局部葉片變黃捲曲，逐漸變褐色斑，爾後新梢葉片變小，嚴重時整段枝梢葉片乾枯。'),(135,15,'細菌性莖腐病','細菌','牛番茄植株，心葉呈缺水性萎凋，中段莖部變褐色水浸狀，下位葉黃化，前期作物水稻。'),(136,15,'研判與植物生理障礙','環境生理','番茄畸形果實，是何原因造成。'),(137,15,'研判為捲葉病','病毒','番茄枝梢，心葉捲曲皺縮，葉下有發現蟲體。'),(138,15,'青枯病','其他','番茄(牛番茄)植株，下位葉黃化乾枯，植株呈萎凋狀，斜切後維管束已變色。'),(139,15,'瓜實蠅','其他','番茄(牛番茄)果實，於果蒂附近之表皮有裂痕，果肉內有蟲體和卵。'),(140,15,'引起之萎凋病','其他','番茄(牛番茄)植株，地際莖部變褐色隘縮，植株呈萎凋狀，縱剖維管束已變色。'),(141,15,'起之萎凋病','其他','番茄(728)植株，葉片呈缺水萎凋狀。'),(142,15,'引起之腐霉病','其他','番茄(橙蜜)複葉，葉片上有不規則形黑褐色斑點。'),(143,15,'引起之番茄斑點病','其他','番茄複葉，葉片上有不規則形黑褐色斑點。'),(144,15,'灰斑病','其他','蕃茄(聖女)枝梢，葉片上有輪紋狀褐色斑點。'),(145,15,'葉黴病','其他','蕃茄葉上表皮有黃色不規則形班點，葉下表皮有黑色黴狀物。'),(146,15,'診斷為黑黴病','其他','番茄葉片上有不規則形黑色黴狀物。'),(147,15,'經顯微鏡檢是為白粉病','其他','番茄葉片上表皮有白色黴狀物，嚴重變褐黑色造成葉片乾枯。'),(148,15,'經顯微鏡檢是為晚疫病','其他','番茄莖部有白色黴狀物，嚴重變黑色床。'),(149,15,'是為細菌性青枯病','細菌','番茄（聖女品種）苗約6~7公分，於地際莖部有褐黑化現象，植株生長不良。'),(150,15,'經鑑定是為斑潛蠅為害。','其他','番茄（聖女品種）下位葉葉片有蟲子鑽食成灰色彎曲孔道。'),(151,15,'菌引起之腐敗病','其他','番茄地際莖部褐化腐爛。'),(152,15,'經組織切片鏡檢及組織分離均發現細菌是為細菌性斑點病','細菌','番茄葉片上均勻分佈約0.1公分圓型暗褐色斑點，也可感染葉柄。'),(153,15,'經鑑定是早疫病','其他','番茄於下位葉葉片初期有暗褐色或黑色水浸狀斑點，逐漸擴大成革質化輪紋斑點，周圍有黃色暈環，嚴重者斑點會癒合而導致落葉。'),(154,15,'鑑定是晚疫病','其他','番茄10~12公分幼苗葉片及莖部有深褐色大型斑點，病斑有白色黴狀物。'),(155,15,'菌引起之真菌性病','真菌','番茄由花萼變黑褐色乾枯會往下蔓延至果梗。'),(156,15,'經顯微鏡鏡檢診斷是早疫病','其他','番茄(聖女品種)果實底部凹陷變黑褐色。'),(157,4,'經初步鑑定可能為病毒病','病毒','田間西瓜發生約3-4成，近二星期內於表皮有同心輪紋產生，帶來一個果實，於照光面發生較明顯。'),(158,4,'經切片鏡檢及經組織分離均有細菌產生是為細菌性病','細菌','西瓜苗莖部呈水浸狀。'),(159,4,'是為細菌性病','細菌','西瓜於葉片上有黑褐色之斑點，直徑0.1~0.6公分，嚴重時病斑會擴大相互癒合，導致葉片乾枯。'),(160,4,'經地際莖部組織分離產胞診斷是鐮胞菌引起之蔓割病','其他','西瓜葉片由下往上整株缺水萎凋，維管束褐變。'),(161,4,'經組織分離產胞鑑定是鐮胞菌危害','其他','西瓜(小玉黃肉)幼苗(高度約15公分)由新芽處青綠色缺水萎凋，根部細根有褐化現象。'),(162,4,'經組織分離產胞鑑定是蔓割病','其他','西瓜(扁蒲嫁接苗)植株地上部葉片萎凋，根部褐化腐爛。'),(163,4,'經顯微鏡鏡檢鑑定是白粉病','其他','西瓜葉片上表皮有不定型黃化斑點。'),(164,647,'研判與營養障礙','環境生理','扁蒲畸形果實，初期於果實底部變黑，下雨過後水浸狀明顯呈現，縱剖後中間空心。'),(165,647,'白粉病','其他','扁蒲葉片上有黃色不規則形斑點，多發生於下位葉。'),(166,647,'研判非生物因子引起。','其他','扁蒲果實，表皮和果柄有黑褐色不規則形斑點。'),(167,647,'鑑定是為疫病','其他','扁蒲於莖部有流膠狀，嚴重時萎凋腐爛。'),(168,647,'經組織分離產胞鑑定是為鐮胞菌。','其他','扁蒲嫁接胡瓜於莖部有水浸軟化之現象。\n  扁蒲嫁接胡瓜葉鞘有水浸狀之現象，造成葉片黃化。\n  扁蒲嫁接胡瓜地際莖部褐化，嚴重者地上莖部葉片黃化萎凋。'),(169,647,'經組織分離產胞診斷是炭疽病','其他','扁蒲幼苗植株，莖部有暗褐色不定型斑點且有腐爛現象，於葉片有褐色斑點，病斑中間破裂，外圍有黃暈現象。'),(170,444,'菌引起之斑點病','其他','紅鳳菜葉片上有黑色之斑點。'),(171,444,'是腐敗病','其他','紅鳳菜莖部暗褐色凹陷軟化。'),(172,429,'白銹病','其他','蕹菜植株，局部葉片有黃褐色斑點，節莖處腫大，葉下表皮有白色凸起粉狀物。 '),(173,429,'菌引起之黑星病','其他','蕹菜葉片上有黑褐色輪紋斑點，直徑0.1~0.7公分，嚴重時會擴大癒合。'),(174,429,'經鑑定是葉斑病','其他','蕹菜葉片上有大型黑褐色斑點。 '),(175,429,'鑑定是細菌性病','細菌','蕹菜(水蕹菜)植株由下位葉葉片往上黃化萎凋，莖部嚴重褐化腐爛 。 '),(176,429,'鑑定是立枯病','真菌','蕹菜幼苗生長不良，細根少，根部褐化，地上部葉片萎凋。 '),(177,353,'鑑定是為鐮胞菌引起之萎凋病','其他','豇豆莖部變深褐色軟化。'),(178,167,'研判為植物生理障礙','環境生理','結球白菜下位葉黃化，植株長不大，縱剖維管束已變色，且有空洞。'),(179,167,'研判非生物因子引起。','其他','結球白菜下位葉葉片黃化，上有不規則形褐色斑點，種植本田15天後開始發生。'),(180,167,'是為細菌性病','細菌','結球白菜葉柄有褐化腐爛之現象，切開維管束褐化。'),(181,167,'經顯微鏡鏡檢診斷是露菌病','其他','結球白菜下位葉葉片初期有黃化角斑，嚴重時變黃褐色乾枯，於葉下表皮有白色黴狀物。'),(182,807,'經組織分離產胞鑑定，是為鐮胞菌','其他','旱芹（洋芫荽、香芹）下位葉葉片黃化，葉柄基部有褐化腐爛現象，嚴重者地下莖部整個腐爛。'),(183,807,'經組織分離產胞鑑定是鐮胞菌危害','其他','旱芹植株由下位葉開始黃化，根部腐爛，地下莖部切開後維管束褐化嚴重者腐爛。'),(184,807,'鑑定是立枯病','真菌','旱芹由下位葉往上先黃化褐化再萎凋，細根變暗褐色。'),(185,10,'引起之立枯病','其他','甜豌豆幼苗，地上部葉片乾枯萎凋，於地際根部變褐色隘縮。'),(186,10,'菌引起之猝倒病','其他','豌豆苗於莖部呈水浸狀軟化腐爛。'),(187,10,'經顯微鏡鏡檢鑑定是為白粉病','其他','豌豆葉片上有白色粉狀物嚴重者造成葉片褐化乾枯。'),(188,10,'經解剖顯微鏡鏡檢鑑定是潛蠅危害','其他','豌豆(甜豌豆)豆莢外表皮有灰白色不定型斑。'),(189,10,'經鑑定是立枯病','其他','豌豆(翡翠豌豆)幼苗由地際莖部變黑褐色隘縮，葉片黃化枯萎。'),(190,5,'研判非生物因子所引起。','其他','薑植株種植於太空包介質，葉片黃化乾枯，地下塊莖呈褐色不規則形粗糙破皮斑點，縱剖組織未變色，種植於培養土正常生長。'),(191,5,'青枯病','其他','薑植株，葉片黃化萎凋，地下塊莖呈水浸狀，且有臭味，縱剖組織已變色，種植前有使用滅達樂、免賴得浸種。'),(192,5,'經鑑定是為斜紋夜盜幼蟲','害蟲','薑地下莖部有凹陷大型斑點分佈均勻，型狀不定。'),(193,5,'經組織分離產胞診斷是鐮胞菌。','其他','薑地下塊莖裂痕，初期似滾水燙傷，後期變紫紅色。'),(194,5,'經塊莖組織分離鑑定是軟腐病','其他','薑地下塊莖組織變暗褐色腐爛，地上部葉片萎凋。'),(195,635,'經組織分離產胞鑑定是鐮胞菌。 ','其他','破布子植株由地際莖部往上蔓延，於莖部外表皮，乾裂、凹陷，削開外表皮，內部變黑褐色，罹病枝條葉片黃化掉落都死。 '),(196,451,'經組織分離產胞鑑定是炭疽病','其他','西洋菜(水芹菜、豆瓣菜)於下位葉葉片有圓型約0.1-0.3公分黑褐色斑點嚴重葉片掉落。 '),(197,254,'經顯微鏡鏡檢鑑定是白粉病','其他','香椿葉片上下表皮均有一層白色粉狀物覆蓋。 '),(198,835,'經組織分離產胞鑑定是鐮胞菌危害','其他','菊苣(水耕)植株由莖部黑褐化腐爛，漸向上蔓延。 '),(199,836,'經組織分離產胞鑑定是鐮胞菌。 ','其他','西洋蘿勒由地際莖部褐化腐爛，會往上蔓延。 '),(200,144,'經顯微鏡鏡檢鑑定是炭疽病','其他','花豆地上莖部有稍凹陷黑褐色斑點。 '),(201,147,'研判與植物生理障礙','環境生理','蘿蔔(永祥)地下塊莖(有機栽培)，於近地際處之表皮呈環狀黑化，剖開組織變黑。 '),(202,147,'經組織分離產胞鑑定是黑斑病','其他','蘿蔔葉片上表皮有黑色約0.5~0.2公分圓型斑點，一般於植株下位葉均勻發生 。 '),(203,147,'經鑑定是黃條葉蚤幼蟲','害蟲','蘿蔔幼苗葉片有許多點狀孔洞，塊根表皮有黑褐色孔洞食痕。 '),(204,432,'疫病','其他','韭菜植株，葉片黃化乾枯，莖部腐爛。 '),(205,432,'經組織分離產胞鑑定是鐮胞菌危害','其他','韭菜地上部葉片生長不良，假球莖底部凹陷乾枯，縱切內部有褐色斑點。 '),(206,432,'經組織分離鑑定是腐敗病','其他','韭菜葉柄及葉片褐化腐爛。 '),(207,416,'經鑑定是蚜蟲','害蟲','龍葵新芽及莖部有黑色昆蟲。 '),(208,153,'鑑定是腐敗病','其他','蘆筍於地際莖部變水浸狀軟化腐爛會逐漸往上蔓延。 '),(209,153,'經組織分離診斷是腐敗病','其他','蘆筍由地際莖部軟化腐爛，會逐漸往上蔓延。 '),(210,356,'經顯微鏡鏡檢診斷是炭疽病','其他','萊豆豆莢有暗褐色凹陷不定型大斑點。 '),(211,808,'經顯微鏡鏡檢診斷是銹病','其他','粉豆葉片之上下表皮有銹色稍突起點狀物。 '),(212,636,'為青枯病','其他','香瓜茄植株，葉片呈缺水萎凋狀。 '),(213,636,'炭疽病','其他','香瓜茄幼苗，於莖部有褐色不規則形斑點。 '),(214,131,'未發現病原微生物及蟲','害蟲','菱角下位葉黃化腐爛，葉片上有黑褐色不規則形斑點。 '),(215,140,'鐮孢菌。 ','其他','南瓜藤蔓，葉片黃化乾枯，莖部變褐色。 '),(216,97,'胴枯病','其他','梨枝條，局部變褐色，削開表皮木質部已變色。'),(217,97,'研判與植物生理障礙','環境生理','梨(新興)成熟果實，7月底採收後放置冷藏庫貯藏，最近從冷藏庫取出發現較小粒果實表皮上有局部黑褐色不規則形斑點和水浸狀斑點，縱剖後果肉組織呈褐色海綿狀。'),(218,97,'研判非生物因子引起。','其他','梨(新興)果實，果柄變黑褐色，果實易脫落。'),(219,97,'經組織分離產胞鑑定類似鐮胞菌之真菌性病','真菌','橫山梨枝條有凸起之裂痕。'),(220,97,'經顯微鏡檢是為黑斑病','其他','橫山梨高接新興，幼果果實底部變黑色凹陷斑點，斑點會漸漸擴大。'),(221,97,'經組織分離產胞鑑定是為炭疽病','其他','梨葉片有黑褐色似圓型直徑0.2～0.4公分之斑點，後期斑點中央變褐色。'),(222,97,'經鑑定是為避債蛾','害蟲','梨幼果果實外表皮有褐色之食痕。'),(223,97,'經組織分離產胞鑑定是黑斑病','其他','高接梨枝條於接穗處變黑褐色乾枯，影響果實生長。'),(224,97,'經組織分離產胞診斷是黑斑病','其他','高接梨(新興品種)近成熟果實，局部果梗變黑褐色凹陷環斑，裏面組織乾枯，影響果實品質。'),(225,120,'經鑑定是為黑點病','其他','柳橙葉片及枝條上有細小凸起之黑點。'),(226,120,'經組織分離產胞鑑定是為炭疽病','其他','柳橙葉片及枝條有細小針點狀之褐斑。'),(227,120,'菌引起之油斑病','其他','柳橙葉片背面有黑褐色之斑點。'),(228,120,'經組織分離鑑定是黑星病','其他','柳橙果實外表皮有稍凸起似圓形約0.1~0.2公分黑褐色斑點。'),(229,120,'診斷是油斑病','其他','柳橙葉片上下表皮有稍凸起黑褐色不定型大小斑點，均勻分佈。'),(230,120,'經解剖顯微鏡鏡檢診斷是褐圓介殼蟲','害蟲','柳橙果實外表皮佈滿黑褐色圓型稍凸起蟲體(雲林縣 張健勝)。'),(231,92,'經鑑定是為流膠病','其他','桃側枝枝條表皮有疣狀突起，切開皮膚組織呈褐色壞疽，嚴重時引起枝條乾枯。'),(232,92,'經鑑定是葉蟬','害蟲','桃葉片淡黃化白斑，整葉很均勻發生，寄來枝條葉片均勻發生，葉下表皮有很多昆蟲脫皮殘留物。'),(233,92,'經組織分離產胞鑑定是為炭疽病','其他','桃果實上有褐色凹陷之斑點。'),(234,92,'經組織分離鑑定是為細菌引起之穿孔病','細菌','水蜜桃枝條由心葉往下第5位葉以下，漸次罹患細小紫紅色斑點，外圍有黃暈，嚴重者有穿孔現象。'),(235,92,'是為細菌性病','細菌','水蜜桃幼果果實有深褐色直徑0.1~0.4公分凹陷斑點。 \n  水蜜桃幼果果實有黑褐色凹陷斑點，直徑0.1~1公分，有流膠現象。'),(236,92,'經顯微鏡鏡檢鑑定是鐮胞菌危害。','其他','水蜜桃枝條有褐色斑點，上有白色菌絲並產胞。 \r\n'),(237,92,'經組織分離鑑定是流膠病','其他','桃枝條外表皮有流膠，削開表皮內部有黑褐色斑。 '),(238,92,'經顯微鏡鏡檢鑑定是銹病','其他','桃葉片下表皮有稍凸起褐色點狀斑點。 '),(239,91,'經鑑定是為囊果病','其他','李花器被菌感染呈豆莢狀。'),(240,110,'研判生理障礙','環境生理','葡萄(巨峰)果實表皮呈現不規則褐色凹陷斑點，嚴重造成果實皺縮。'),(241,110,'未發現病原菌和蟲','害蟲','葡萄(巨峰)果實，於果蒂處變褐色凸起粗糙斑。'),(242,110,'晚腐病','其他','葡萄(巨峰)近成熟果實，局部果實乾縮腐爛，上有桔色粘狀物。'),(243,809,'經組織分離鑑定是為菌核病','其他','桑果呈黃化現象嚴重變黑色軟化易腐爛。'),(244,809,'經診斷是腫果病','其他','桑椹果實變灰白或灰黑色。'),(245,809,'經鑑定是果實菌核病','其他','桑樹近成熟果實初呈白色後變黑腐爛。'),(246,108,'研判非生物因子所引起。','其他','百香果(滿天星)植株，由下位葉往上葉緣往葉脈間變褐色乾枯，葉片易掉落，心葉葉尖輕微皺縮，於向陽長日照位置較為嚴重。'),(247,108,'經組織分離鑑定是為鐮胞菌引起之萎凋病','其他','百香果整株萎凋，葉片黃化，根部腐爛。'),(248,108,'經組織分離產胞鑑定是炭疽病','其他','百香果果實，有褐色大小不定型凹陷斑點。'),(249,108,'經鑑定是病毒病','病毒','百香果幼果果實有裂痕，果實崎型凹凸不平。\n  百香果葉片有皺縮黃化之現象，嚴重者褐化乾枯。'),(250,108,'鑑定是為疫病','其他','百香果果實有褐色輪紋之大斑點。\n  百香果果實上有褐色凹陷之病斑，直徑0.2~1.5公分，嚴重時會擴大相互癒合。\n  百香果於葉片上有褐色之斑點，直徑0.1~1公分。'),(251,108,'為真菌性病','真菌','百香果莖部變黑褐色嚴重者乾枯。'),(252,129,'炭疽病','其他','草莓植株，葉片萎凋，根群局部變褐色，縱剖冠部已變色。'),(253,129,'研判與栽培管理有關。','其他','草莓(豐香)種植於高架栽培之幼苗，葉片黃化，地際部易折斷，縱剖維管束未變色。'),(254,810,'經鑑定是為病毒病','病毒','洋香瓜果實近成熟時，於外表皮有深綠色之斑點，經剖開裏面果肉變褐色木栓化，種子也受為害。'),(255,810,'經顯微鏡檢鑑定是為細菌性果斑病','細菌','洋香瓜（網紋）果實外表皮有水浸狀之斑點，斑點會擴大相互癒合。'),(256,810,'經組織分離產胞鑑定是為鐮胞菌引起之萎凋病','其他','洋香瓜地際莖部腐爛葉片黃化掉落萎凋。'),(257,810,'經切片光學顯微鏡鏡檢於切口處有菌泥流出診斷是細菌性果斑病','細菌','哈蜜瓜果實表皮有0.5公分綠色斑點，且果皮凹陷，剖開裏面果肉已變暗褐色腐爛。'),(258,636,'經鑑定是露菌病','其他','香瓜果實近成熟期外表皮有綠色水浸狀小斑點。'),(259,636,'經顯微鏡檢鑑定是為露菌病','其他','香瓜葉片有黃化角斑，嚴重者褐化乾枯。'),(260,122,'果實病徵疑似由大桔蚜傳播的病毒病','病毒','文旦柚成熟果實，表皮有褐色壞疽斑點。'),(261,122,'潰瘍病','其他','文旦柚成熟果實，表皮有褐色不規則形凸起粗糙斑點。'),(262,122,'發現有很多細菌是為細菌性潰瘍病','細菌','柚子葉片有褐色凸起之斑點木栓化，外圍有黃化暈環。'),(263,122,'經鑑定是為裾腐病','其他','西施柚植株地際莖部外表皮有流膠黑褐化現象，地上部葉片慢慢黃化，嚴重枯死。'),(264,122,'經組織分離產胞診斷是炭疽病','其他','泰國柚果實表面有直徑約0.5公分褐色圓形斑點。'),(265,122,'經組織分離產胞鑑定是炭疽病','其他','柚(西施柚)果實，外表皮有黑褐色不定型大小斑點。'),(266,122,'鑑定是炭疽病','其他','柚(文旦柚)果實，於果實底部有直徑8公分暗褐色斑點。'),(267,112,'研判非生物因子引起。','其他','番石榴果實，表皮上有紅褐色不規則形斑點，削開表皮果肉未變色。'),(268,112,'薊馬。','其他','番石榴果實，表皮上有不規則形褐色粗糙斑點。'),(269,112,'黑星病','其他','番石榴果實，表皮上有似圓形黑褐色凹陷斑點，上有黑色柄子殼。'),(270,112,'經鑑定是薊馬為害。','其他','番石榴近成熟果之果實外表皮有褐化斑紋，分佈均勻，於採收果實約10%發生。'),(271,112,'經鑑定是為腹鉤薊馬為害所留下之','其他','番石榴果實外表皮有褐化斑紋，於表皮發生，未深達裏面組織。'),(272,112,'菌引起之瘡痂病','其他','番石榴果實有直徑0.5～1.3公分之黑褐色凹陷斑點，斑點上有黑色凸起小粒。'),(273,112,'經鑑定為薊馬為害留下痕跡。','其他','番石榴果蒂處表皮周圍有稍凸起褐色斑。'),(274,112,'經顯微鏡鏡檢鑑定是果腐病','其他','番石榴成熟果實，外表皮有凹陷不定型黑褐色大斑點。'),(275,95,'非生物因子引起。','其他','荔枝(糯米)枝梢和根部，葉片乾枯，整株枯死，採收後未曾用藥。。'),(276,95,'研判非生物因子引起。','其他','荔枝(糯米)枝梢和根部，葉片乾枯，整株枯死，採收後未曾用藥。'),(277,95,'是銹蜱為害造成之腫葉病','其他','荔枝葉片背面有深褐色茸毛，分佈均勻。'),(278,95,'經鑑定是為紅腊介殼蟲','害蟲','荔枝葉片上表皮，有凸起約0.3公分直徑大小之紅色腊質硬塊。 \n\n  荔枝葉片下表皮有白色蟲子，造成下表皮凹陷而上表皮凸起。'),(279,95,'經鑑定是為膠蟲','害蟲','荔枝於葉片上有白色絮狀物。'),(280,95,'經鑑定是為赤衣病','其他','荔枝於枝條上有白色似漆狀之大塊斑，嚴重造成枝條乾枯。'),(281,95,'經解剖顯微鏡鏡檢診斷是薊馬危害','其他','鳳梨番荔枝果實上表皮凹陷平坦部位有黑褐色不定型斑紋。'),(282,95,'鑑定是酸腐病','其他','荔枝近成熟果實外表皮有黑褐色不定型大斑點。'),(283,811,'研判非生物因子所引起。 ','其他','茂谷柑成熟果實，近底部側面有褐色似圓形粗糙暈開斑點。 '),(284,811,'潰瘍病','其他','柑桔枝梢，葉片和枝條上有圓形和不規則形褐色斑點，周圍黃暈。 '),(285,811,'銹蜱&amp;#34766;。','其他','柑桔果實，表皮呈黑褐色。 '),(286,811,'研判可能為植物生理障礙','環境生理','柑桔(椪柑)，枝梢，心葉葉脈間黃化。 '),(287,811,'研判為瘡痂病','其他','柑桔(茂谷柑)幼果，表皮有局部褐色不規則形粗糙斑點，多發生於陰涼處。 '),(288,811,'研判為銹&amp;#34766','其他','柑桔(桶柑)幼果，於近果實底部有褐色不規則形斑點聚集。 '),(289,811,'經鑑定是薊馬為害。','其他','柑桔心葉呈現捲縮之現象，葉片有褐化之斑紋，整園皆發生。'),(290,811,'經鑑定是為油斑病','其他','柑桔葉片上有褐黑色不定大小之斑點。'),(291,811,'經組織分離產胞鑑定是為黑星病','其他','柑桔果實上有黃褐色斑點，直徑0.1~0.2公分。'),(292,811,'經鑑定是為白紋羽病','其他','柑桔約15-20年生，根部褐化上有白色菌絲，罹病植株葉子變小，樹勢衰弱。 '),(293,811,'經組織分離產胞診斷是黑星病','其他','柑桔果實上表皮有直徑0.2公分不正圓形紅褐色凹陷斑點。 '),(294,811,'經顯微鏡鏡檢診斷是炭疽病','其他','茂谷柑桔果實於果蒂處有暗褐色似圓型直徑2~3公分之大斑點，上有粉紅色粘液。 '),(295,811,'經顯微鏡鏡檢發現有粉介殼蟲若蟲及褐圓介殼蟲成蟲','害蟲','柑桔(桶柑)果實果蒂處周圍外表皮有一層黑色煤狀物。 '),(296,17,'研判非生物因子所引起。','其他','紅龍果果實，表皮上有局部不規則形褐色龜裂斑點。'),(297,17,'紅龍果莖潰瘍病','其他','紅龍果果實，表皮上有圓形和不規則形紅褐色稍凹陷斑點，嚴重時斑點擴大相互癒合。'),(298,17,'炭疽病','其他','紅龍果蔓莖，初期表皮上有不規則形淡黃色斑點，逐漸轉為褐色斑。'),(299,17,'引起之葉斑病','其他','紅龍果莖部有紅色圓形之斑點。'),(300,17,'菌引起之真菌性病','真菌','紅龍果花苞初期有凹陷大斑點，嚴重產生黑褐色黴狀物，整個花苞變黑腐爛。'),(301,114,'盾介殼蟲','害蟲','香蕉葉片上有不規則形黑褐色斑點，且有白色棉絮，上有蟲體。'),(302,114,'研判非生物因子引起。','其他','香蕉葉片上有黑褐色不規則均勻小斑點。'),(303,114,'檢驗未發現病原菌和蟲','害蟲','香蕉果實表皮有紅褐色不規則形斑點。'),(304,114,'菌引起之小黑點病','其他','香蕉葉片有小型黑色斑點，嚴重時相互癒合導致葉片褐化乾枯。'),(305,113,'經組織分離產胞鑑定是為鐮胞菌引起之萎凋病','其他','鳳梨地際莖部褐變，嚴重者造成地上部葉片萎凋。'),(306,113,'經組織分離產胞鑑定是鐮胞菌。','其他','鳳梨葉片有萎凋現象，根部褐化。'),(307,94,'經鑑定是為木蝨為害。','其他','龍眼葉片下表皮凹陷而上表皮凸起。'),(308,94,'經解剖顯微鏡鏡檢鑑定是膠蟲','害蟲','龍眼莖部已乾枯黑褐化，上有白絮狀分泌物及突起如蜂窩狀物(台北縣 吳旗勝)。'),(309,98,'菌引起之褐色斑點病','其他','青蘋果果實有大型黑褐色之斑點。'),(310,98,'經組織分離產胞鑑定是為炭疽病','其他','蘋果（蜜）近成熟於果實外表轉色時，外表有0.1～0.2公分黑色凹陷斑點。'),(311,98,'經顯微鏡鏡檢鑑定是褐斑病','其他','蜜蘋果下位葉發生圓形黃褐色斑點，後擴大至不規則型黑褐色斑點，嚴重造成落葉。'),(312,98,'經顯微鏡鏡檢鑑定是黑星病','其他','蜜蘋果接近新葉葉片下表皮有黑褐色不定型斑點。'),(313,98,'經顯微鏡鏡檢鑑定是炭疽病','其他','蜜蘋果果實外表初期有黑褐色凹陷小斑點，後期斑點會擴大到直徑2.5公分凹陷圓形斑點。'),(314,117,'薊馬和銹蜱&amp;#3476','其他','檸檬1段枝梢和1粒果實，葉片上有針點狀淡黃色斑點，果實表皮呈大面積褐色粗糙斑紋。'),(315,117,'研判非生物因子所引起。','其他','檸檬植株，初期由葉脈變，爾後整葉黃化易脫落，根群生長不良，削開地際部組織局部變色。'),(316,117,'經鑑定是為椿象為害留下之疤痕。','其他','檸檬近成熟果，表皮有褐色凸起之疤痕，採收果實發生很多。'),(317,117,'經鑑定是為銹滿為害。','其他','檸檬果實上有褐色全面性斑。'),(318,119,'是為黑星病','其他','椪柑果實有紅褐色似圓型斑點，後轉黑褐色中央稍凹陷。'),(319,115,'研判非生物因子所引起 。','其他','木瓜(台農2號)果實，初期表皮上有不規則形褐色斑點，嚴重時斑點擴大腐爛。'),(320,115,'粉蝨 。','其他','木瓜葉片，於主葉脈旁有黃色小斑點，葉下表皮有白色棉絮，上有蟲體。'),(321,115,'研判非生物因子引起。','其他','木瓜果實，初期表皮上有不規則形褐色斑點，逐漸斑點擴大呈水浸狀腐爛。'),(322,115,'鑑定是為疫病','其他','台農2號木瓜果實，由果蒂開始腐爛並有膠狀物滲出。'),(323,115,'經鑑定是為木瓜輪點毒素病','其他','木瓜(台農五號)果實發育不良，外表皮有輪紋斑點，食用時感覺果肉較硬。'),(324,115,'診斷是細菌性病','細菌','木瓜幼苗於地際莖部變褐色軟化，經縱剖後發現維管束變褐色。'),(325,115,'經組織分離鑑定是立枯病','其他','木瓜幼苗於地際莖部變黑褐色凹陷縊縮，地上部葉片萎凋。'),(326,115,'經組織分離產胞診斷是炭疽病','其他','木瓜近成熟果實，初期有軟化褐色斑點，嚴重時凹陷腐爛。'),(327,93,'研判為植物生理障礙','環境生理','檬果(金蜜)果實，外觀表皮正常，縱剖後果核附近組織呈水浸狀軟化。'),(328,93,'經鑑定是藻斑病','其他','芒果葉片上表皮有圓型突起約0.1~0.5公分橘灰色斑點。 \r\n\r\n'),(329,93,'經組織分離產胞鑑定是炭疽病','其他','芒果葉片上有0.1~0.4公分圓型黑褐色斑點。 \r\n\r\n'),(330,93,'經解剖顯微鏡鏡檢鑑定可能是薊馬','其他','芒果果實外表皮有黑褐色乾裂小斑點。 '),(331,89,'褐根病','其他','印度棗根部，表皮有黑色子實體，剝開表皮層木質部有褐色網紋。'),(332,89,'研判非生物因子所引起。','其他','印度棗於葉下表皮有黑色黴狀物，每株植株葉片皆有。'),(333,89,'經顯微鏡鏡檢診斷是炭疽病','其他','棗子果實底部有圓形暗褐色凹陷斑點 。'),(334,89,'經組織分離產胞鑑定是炭疽病','其他','棗(印度棗)枝條，外表皮削開，內部有褐色斑。'),(335,89,'經顯微鏡鏡檢鑑定是炭疽病','其他','印度棗(蜜棗)近成熟果實於底部有褐色直徑1.2~2.0公分似圓型凹陷斑點。'),(336,529,'經顯微鏡鏡檢診斷是白粉病','其他','似紅毛丹(無患子科)葉片下表皮有不定型白色粉狀物 。'),(337,812,'引起之真菌性病','真菌','甜柿(平核無)枝梢，果實易脫落，果蒂處及果柄變褐色且有黑色柄子殼產生。'),(338,812,'研判非生物因子引起。','其他','甜柿(富有)果實，外觀畸型，是何原因。'),(339,812,'研判非生物因子所引起。','其他','甜柿(花御所)成熟果實，未採收時套袋內之果實於果蒂與果柄間產生離層脫落。'),(340,812,'角斑病','其他','甜柿(富有)枝梢，葉片上有黑褐色不規則形斑點。'),(341,812,'其他蛾','害蟲','甜柿(富有)枝梢，葉片上有紅褐色不規則形孔洞。'),(342,96,'研判非生物因子所引起。','其他','枇杷新梢，葉片蔟葉變細、變小，嚴重的心芽無法抽出呈凸起瘤狀。'),(343,96,'經診斷是赤衣病','其他','枇杷樹幹，表皮易剝落，高溫多濕時外表著生粉紅色粉狀物，嚴重者枝幹乾枯。'),(344,96,'經組織分離產胞診斷是炭疽病','其他','枇杷果實於果蒂處向下蔓延有黑褐色斑點。'),(345,96,'經顯微鏡鏡檢鑑定是炭疽病','其他','枇杷近成熟果實，初期出現水浸狀斑點，後轉為不規則黑褐色凹陷大斑點，上有粉紅色粘液。'),(346,87,'經組織分離鑑定是白絹病','其他','黃椰子罹病枝多發生於新抽出枝條上，外表皮有白色菌絲，由外往內乾枯，剝開葉鞘，均勻分佈許多銹色小點。'),(347,109,'經顯微鏡鏡檢鑑定是炭疽病','其他','楊桃成熟果實外表皮有深褐色稍凹陷不定型大斑點，並有橘紅色粘狀物產生。'),(348,542,'經組織分離產胞鑑定是炭疽病','其他','神秘果幼苗，下位葉葉片由葉尖往內黑褐化乾枯，新芽頂端枝條黑褐化乾枯，根部有褐化現象。'),(349,3,'鑑定是細菌性斑點病','細菌','甜瓜葉片上有大小不規則褐色斑點，外圍有黃化現象。'),(350,522,'螺蜁粉蝨。','其他','酪梨葉片下表皮有白色環狀白色棉絮，上有淡黃色蟲體。。'),(351,522,'潛葉蛾','害蟲','酪梨葉片上有褐色蜿蜒曲折之隧道，葉表呈水泡狀薄膜，薄膜下有黃褐色蟲體。'),(352,522,'經解剖顯微鏡鏡檢鑑定是螺旋粉蝨','其他','酪梨葉片下表皮聚集有白色昆蟲。'),(353,121,'檢驗未發現病原真菌和細菌和蟲','真菌','葡萄柚果實，表皮有褐色不規則形斑點。。'),(354,121,'引起之流膠病','其他','葡萄柚(星紅寶石)枝條，表皮龜裂有流膠產生，嚴重時枝條乾枯落葉。'),(355,121,'經診斷是潰瘍病','其他','葡萄柚葉片上表皮有稍凸起褐色圓型斑，表皮破裂粗糙堅硬，外圍有黃色暈環。'),(356,813,'柑橘萎縮病','病毒','文旦果實表皮上有褐色不規則形壞疽斑點，植株上有的果實變形、變硬，縱剖壞疽斑有蔓延至內部組織。'),(357,813,'植物生理障礙','環境生理','文旦果實凹凸不平，縱剖果皮變厚，果肉極少，葉緣向上捲，葉脈凸起。'),(358,813,'介殼蟲分秘密露誘發煤煙病','害蟲','文旦葉片上有黑色黴狀物覆著。'),(359,551,'炭疽病','其他','無花果果實，表皮上有黑褐色不規則形斑點，果實底部呈水浸狀，且有白色黴狀物。'),(360,551,'銹病','其他','無花果葉片上有褐色不規則形斑點，葉下表皮有褐色黴狀物物產生。'),(361,814,'引起之真菌性病','真菌','樹葡萄地際部，近地際部隘縮，局部樹皮易剝落，削開表皮木質部已變色。'),(362,111,'研判非物因子引起。','其他','蓮霧枝梢，於主葉脈周圍葉肉上有淡褐色針點狀斑點聚集。'),(363,815,'引起之立枯病','其他','牛奶果枝梢，於主葉脈周圍葉肉上有淡褐色針點狀斑點聚集。'),(364,816,'研判非生物因子所引起','其他','康乃馨株植株和數段側梢，葉片細長捲曲、蔟葉不開花。'),(365,816,'疫病','其他','洋桔梗幼苗，種植於本田，於新梢往下變褐色乾枯，根部正常。'),(366,816,'鐮孢菌','其他','紫蘿蘭植株，種植於本田，地際部變褐色隘縮，根群生長不良。'),(367,816,'fusarium  spp. ','其他','火鶴植株，心葉生長停滯，根系生長不佳，局部變黑腐敗，莖部縱剖未變色。'),(368,816,'引起萎凋病','其他','非洲菊(熱情粉)植株，由下位葉片往上變褐色乾枯，嚴重時整株萎凋，根部生長不良，縱剖莖部組織局部變色。'),(369,816,'炭疽病','其他','非洲菊植株，葉片上有黑褐色不規則形斑點，嚴重時整葉乾枯。'),(370,816,'研判非生物因子所引起。','其他','洋桔梗葉片上有不規則形褐色斑點，均發生於下位葉。'),(371,816,'研判非生物因子引起。','其他','火鶴(天使)花苞，於苞片頂端呈褐色，採收時未顯現，出口至日本後才呈現，只有此品種會發生，冬季即正常。'),(372,816,'青枯病','其他','火鶴葉片黃化，地際部變褐色，縱剖維管束已變色。'),(373,816,'是為細菌性病','細菌','康乃馨莖部有深褐色長條斑，嚴重者植株萎凋死亡。'),(374,816,'是為鐮胞菌引起之萎凋病','其他','康乃馨（唐那品種）由下位葉黃化，地際莖部變褐色整株死亡，於田間分佈不均勻。'),(375,816,'經顯微鏡檢是為露菌病','其他','康乃馨（gigi）葉片變紫紅色，於上下表皮有褐色粉狀物覆蓋。'),(376,816,'菌引起葉斑病','其他','康乃馨葉片上有黑褐色之斑點，嚴重時造成落葉而影響生育。'),(377,816,'菌引起之腐敗病','其他','康乃馨地際莖部褐化腐爛，地上部葉片萎凋。'),(378,816,'鑑定是為疫病','其他','康乃馨地際莖部褐變，植株地上部葉片黃化萎凋。'),(379,816,'經組織分離鑑定是為立枯絲核菌。','其他','雞冠花地際莖部萎縮。'),(380,816,'經組織分離產胞鑑定是為鐮胞菌。','其他','海棠地上部幼嫩枝條乾枯死亡。'),(381,816,'經切片鏡檢鑑定是為炭疽病','其他','火鶴花花瓣及花軸上有黑褐色0.2公分之凹陷斑點。'),(382,816,'經組織分離產胞鑑定是為炭疽病','其他','火鶴花花瓣有褐黑色斑點。'),(383,816,'是為黑斑病','其他','火鶴葉片之葉緣有黑褐化現象葉片皺折凹凸不平。'),(384,816,'鑑定是為炭疽病','其他','火鶴花莖部變黑褐色心芽腐爛。'),(385,816,'經組織分離產胞鑑定是黑斑病','其他','向日葵莖部有黑褐色長條斑。'),(386,816,'經鑑定是為白銹病','其他','菊花葉片上產生白色褐色斑點，以後病斑逐漸擴大，並由下表面呈不規則塊狀突起，後期病斑變褐色，整片葉乾枯。'),(387,816,'經組織分離產胞鑑定是為鐮胞菌引起之萎凋病','其他','非洲菊地際莖部切開維管束變黑褐色，嚴重者整株萎凋死亡。'),(388,816,'經組織分離地際莖部產胞鑑定是為','其他','非洲菊苗地際莖部褐化，地上部葉片之葉脈紫紅色。'),(389,816,'是為立枯絲核菌引起之莖腐病','真菌','duma品種菊花定植一週，於葉緣向內褐化枯萎，地際莖部黑褐化。'),(390,816,'經顯微鏡檢是為炭疽病','其他','卡司比亞葉片上有褐色圓型之斑點。'),(391,816,'經葉片組織分離產胞鑑定是 al','其他','洋桔梗幼苗葉片，先變黃然後轉黑褐色軟化腐爛，種植環境很潮濕，溫室溫度22～35℃，且有50%遮陰網。'),(392,816,'引起之黑斑病','其他','洋桔梗於花瓣上有褐化腐爛之現象。'),(393,816,'菌引起之花斑病','其他','洋桔梗於花辦上有褐色圓形之小斑點，嚴重時擴大相互癒合，造成花瓣整朵褐化腐爛。'),(394,816,'經組織分離鑑定是為疫病','其他','兔耳草根部褐化乾枯，造成地上部葉片黃化萎凋。'),(395,816,'是為疫病','其他','石竹（小可愛）植株下位葉葉片黃化萎凋，地際莖部褐化。'),(396,816,'經組織分離有胞囊產生鑑定是疫病','其他','滿天星地際莖部褐化軟化腐爛。'),(397,816,'菌引起之莖枯病','其他','新文竹莖部有褐色斑點，嚴重者乾枯。'),(398,816,'鑑定是細菌性病','細菌','孔雀草由下位葉開始黃化萎凋，根部局部黑褐化。'),(399,816,'菌引起之真菌性病','真菌','白鶴芋下位葉之葉緣均已變褐色乾枯，整株嚴重萎凋，根系腐敗，地際莖部經刀子縱剖裏面組織已變黑褐色。'),(400,816,'經顯微鏡鏡檢診斷是白粉病','其他','向日葵花萼表皮有白色粉狀物覆蓋。'),(401,816,'經組織分離診斷是立枯病','其他','矮牽牛幼苗，從下位葉開始黃化會逐漸蔓延至上位葉 。'),(402,816,'經解剖顯微鏡鏡檢診斷是葉蟬','害蟲','夏菫葉子表面有黃色細小斑點均勻分佈。'),(403,816,'經鑑定是為根瘤線蟲','害蟲','星辰花根部腫大成瘤狀物。'),(404,816,'經組織分離產胞鑑定是鐮胞菌。','其他','荷苞花由下位葉黑褐化萎凋，會往上蔓延，地際莖部及根部變黑褐色。'),(405,816,'經組織分離產胞鑑定是葉枯病','其他','矮牽牛幼苗葉片有不定型及圓型黑褐色大小斑點，大多發生於下位葉。'),(406,816,'經組織分離鑑定是立枯絲核菌危害','其他','康乃馨(natila)植株下位葉葉片開始褐化乾枯，根部及地際莖部褐化。'),(407,816,'經變色根部組織分離鑑定是腐敗病','其他','非洲菊植株地上部葉片萎凋，根部變黑褐色。'),(408,816,'經組織分離產胞鑑定是炭疽病','其他','卡斯比亞植株由下位葉葉片褐化乾枯，縱切地際莖部變黑褐色，嚴重者整株萎凋。'),(409,816,'鑑定是立枯病','真菌','洋桔梗幼苗於地際莖部褐化腐爛，地上部葉片萎凋。'),(410,816,'經組織分離產胞鑑定，是鐮胞菌危','其他','金魚草植株由地際莖部變暗褐色，葉片由下位葉往上黑褐化萎凋(南投縣 金魚草)。'),(411,816,'鑑定是疫病','其他','日日春均由心芽往下2至3公分莖部發生暗褐色凹陷軟化現象，少數新芽發生往下2.5公分莖部處，開始有一段2至3公分莖部變暗褐色凹陷軟化。'),(412,816,'組織分離產胞診斷是鐮胞菌危害。','其他','日日春幼苗株高約4公分，由下位葉開始黃化落葉，根部變褐色(南投縣 新華種苗)。'),(413,816,'經組織分離產胞診斷是莖枯病','其他','金魚草於地上莖部不定部位有稍凹陷褐色斑點。'),(414,816,'經組織分離有胞囊產生診斷是疫病','其他','星辰花由下位葉開始黃化乾枯，嚴重植株萎凋，縱切莖部裏面組織變黑褐色。'),(415,816,'經組織分離產胞診斷是黑斑病','其他','黑眼花葉片下表皮有稍凹陷點狀淡褐色斑點。'),(416,816,'經組織分離產胞診斷是炭疽病','其他','火鶴花花苞有褐色斑點。'),(417,816,'經診斷是灰黴病','其他','洋桔梗幼苗心葉於葉尖葉緣有褐化乾枯現象。'),(418,817,'研判非生物因子所引起','其他','百合(ot依多夏)植株二代球莖，由下位葉葉片往上黃化，花苞變小異常。 '),(419,817,'檢驗未發現病原菌和蟲','害蟲','百合(yelloween)植株，葉鞘變紫黑色，於中段部位之莖部，葉鞘內結小球莖，組織變硬，嚴重者植株頂梢生長受抑制，花苞易消蕾，葉片亦會變黃，種植本田約10天後陸續發生異常，異常株常噴水會減緩症狀惡化。 '),(420,818,'細菌性褐斑病','細菌','腎藥蘭(腎藥花科)葉片上有不規則形褐色水浸狀斑點。 '),(421,818,'白絹病','其他','澤蘭葉片，由葉尖往下變褐色乾枯。 '),(422,818,'未發現病原微生物和蟲','害蟲','虎尾蘭葉片，由葉尖往下變褐色乾枯。 '),(423,818,'未發現病原菌和蟲','害蟲','國蘭(鐵骨素心)植株，於老葉葉尖變褐色乾枯，局部根群亦乾枯變色。'),(424,818,'研判非生物因子引起。','其他','蝴蝶蘭(v3)葉片上有不規則形褐色水浸狀斑點，外圍黃暈。 '),(425,819,'引起之立枯病','其他','鐵皇冠(水草)，局部葉片和根群變褐色。 '),(426,819,'細菌性病','細菌','海芋植株，局部葉片有不規則形褐色水浸狀斑點。 '),(427,819,'經組織分離產胞鑑定是為炭疽病','其他','黃金葛葉片有不定型黑褐色斑點，葉緣、葉尖和葉柄均會發生。'),(428,819,'經組織分離鑑定是為立枯絲核菌。','其他','黃金葛枝條由地際部腐爛剩下心部。'),(429,819,'經顯微鏡檢鑑定是為灰黴病','其他','金線蓮葉片變黑褐色軟化腐爛，上有灰色黴狀物。'),(430,819,'經組織分離產胞鑑定是為鐮胞菌。','其他','金線蓮地際莖部變黑褐色軟化腐爛。'),(431,819,'經組織分離鑑定是為疫病','其他','長春藤地際莖部變黑色會向上蔓延，造成葉片變黑軟化腐爛。'),(432,819,'經組織分離鑑定是為細菌性病','細菌','白鶴芋葉片有褐化斑點外圍黃暈，嚴重斑點中央會破裂有孔洞。'),(433,819,'經組織分離鑑定是為','其他','白鶴芋葉片綠黃化，根部褐變，4天到1～2星期後根部腐爛，葉片黃化萎凋整株死亡。'),(434,819,'經組織分離鑑定是為炭疽病','其他','聖誕紅母株枝條由心部向下枯萎。'),(435,819,'經組織切片鏡檢鑑定是為細菌性病','細菌','鳳梨花地際莖部切開變黑褐色。'),(436,819,'菌引起之真菌性病','真菌','鳳梨花葉片有長條型褐色大斑點，外圍深褐色且有黃暈現象，中央變褐色乾枯，上有黑色粉狀物。'),(437,819,'經顯微鏡檢鑑定是為根瘤線蟲','害蟲','大王萬年青地際莖部變褐色造成組織破壞。'),(438,819,'經顯微鏡鏡檢鑑定是為細菌性病','細菌','單藥花植株下位葉易脫落，於脫落葉之葉脈變黑褐色。'),(439,819,'經組織分離鑑定是為立枯絲核病','其他','發財樹地際部變黑褐色。'),(440,819,'經解剖顯微鏡鏡檢發現有盾介殼蟲','害蟲','龍柏葉片會褐化乾枯。'),(441,819,'經組織分離產胞鑑定，是鐮胞菌為','其他','瑪莉安地上莖部變紅褐色軟化。'),(442,819,'有菌泥流出是為細菌性病','細菌','星點木莖部褐變爾後腐爛。'),(443,819,'是為葉斑病','其他','小榕（天南星科）葉片於葉尖葉緣處有黑褐色之大斑點，中央變薄且有破洞。'),(444,819,'經組織分離產胞鑑定是炭疽病','其他','四季海芋葉片上有圓型黑褐色大斑點，外圍有黃化。 '),(445,819,'經組織分離產胞診斷是炭疽病','其他','八角金盤老葉葉片有0.1-0.5公分似圓型或不定型之深褐色凹陷斑點，後期斑點會破裂。 '),(446,819,'經鑑定是薊馬危害。','其他','萬年青葉片有淡褐色稍凹陷不定型長型斑點。 '),(447,819,'鑑定是黑斑病','其他','檸檬千年木植株由心葉向下完全展開葉第一至四葉，由葉緣往內有不定型黑褐色大斑點。 '),(448,819,'經組織分離有胞囊產生診斷是疫病','其他','黃金葛地際莖部變黑褐色，地上部葉片乾枯。 '),(449,819,'診斷是細菌性病','細菌','海芋幼苗於地際莖部變褐色腐爛，會漸往上蔓延。 '),(450,820,'強剪後傷口感染弱寄生菌','其他','含笑花植株，整株葉片變褐色乾枯，地際部削開己變褐色。'),(451,820,'二點葉&amp;#34766;','其他','玉蘭花葉片和花朵，葉片捲曲皺縮變褐色，花瓣也變褐色，葉片上有發現蟲體。'),(452,820,'經顯微鏡鏡檢診斷是粉介殼蟲','害蟲','玉蘭花枝條及地際樹幹外表皮皆有白色棉絮物質覆蓋，且發現有昆蟲。'),(453,820,'經組織分離產胞鑑定是alter','其他','天竺葵由下位葉黑褐化萎凋，會往上蔓延，地際莖部變黑褐色。'),(454,820,'經解剖顯微鏡鏡檢鑑定是椰子擬輪盾介殼蟲','害蟲','玉蘭花葉片上下表皮有稍凸起白色扁平狀蟲體。'),(455,685,'研判與水份管理有關。','環境生理','茶花植株，新梢葉片褪綠，局部根尖變褐色。'),(456,685,'鐮孢菌。','其他','玫瑰植株，新梢葉片變小，生長抑制，地際部變褐色，削開組織未變色，根群不良。'),(457,685,'黑斑病','其他','玫瑰植株，葉片有似圓形褐色斑點。'),(458,685,'銹病','其他','雞蛋花葉片，上下表皮有均勻桔黃色凸起黴狀物。'),(459,685,'引起之真菌性病','真菌','玫瑰植株，枝條乾枯，根部腐敗，地際部削開已變色。'),(460,685,'經組織分離產胞鑑定是為鐮胞菌，','其他','帝王花根系不健全稀少且變黑褐色，造成地上部葉片黑化乾枯。'),(461,685,'經組織分離鑑定是為鐮胞菌。','其他','風鈴花幼苗於地際莖部變黑褐色斷裂倒伏。'),(462,685,'經組織分離鑑定是為炭疽病','其他','金露花葉片有黑色近似圓型之0.1～0.2公分小斑點，中央會變褐色凹陷。'),(463,685,'經組織分離產胞鑑定是為鐮胞菌。','其他','風鈴花地際莖部變褐色腐爛。冷水花由葉片或頂端心葉部份變黑褐色軟化腐爛。'),(464,685,'經鑑定是為黑斑病','其他','玫瑰葉片初呈深紫褐色小斑，擴大呈圓型狀，中心部呈灰白色。'),(465,685,'經顯微鏡鏡檢鑑定是為黑斑病','其他','玫瑰葉片上有0.5公分似圓型黑褐色斑點。'),(466,685,'經組織分離產胞鑑定是為炭疽病','其他','玫瑰枝條基部龜裂切開表皮有褐變。'),(467,685,'是為炭疽病','其他','杜鵑葉片有黑褐色斑點，外圍有黃化現象，嚴重者斑點處會乾枯。'),(468,685,'鑑定是為疫病','其他','杜鵑植株有萎凋現象於地際莖部褐變。'),(469,685,'是為疫病','其他','聖誕紅莖部變褐色軟化腐爛。'),(470,685,'是為鐮胞菌引起之萎凋病','其他','聖誕紅地際莖部褐化，地上部由下位葉開始黃化掉落。'),(471,685,'鑑定是為炭疽病','其他','茶花葉片上有黑褐色之斑點，嚴重者會擴大相互癒合。'),(472,685,'經鑑定是為葉&amp;#347','其他','茶花於葉片上表皮葉脈處有白色小斑點。'),(473,685,'經顯微鏡鏡檢鑑定是為白粉病','其他','大花紫薇於幼嫩葉片上、下表皮及嫩枝均有白色粉狀物覆蓋。'),(474,685,'經解剖顯微鏡鏡檢鑑定是為細&a','其他','茉莉花於嫩葉之葉片會變畸形。'),(475,685,'經組織分離有胞囊產生是為疫病','其他','朱瑾地際莖部變黑褐色腐爛，地上部葉片逐漸黃化萎凋掉落。'),(476,685,'經組織分離產胞鑑定是鐮胞菌引起之萎凋病','其他','萬兩地際莖部變黑褐色，嚴重者整株萎凋落葉死亡。'),(477,685,'經解剖顯微鏡鏡檢鑑定是銀葉粉蝨','其他','聖誕紅葉片下表皮聚集白色昆蟲。'),(478,685,'經鑑定是圍盾介殼蟲雄和雌蟲','害蟲','桂花葉片下表皮有白色及褐色昆蟲危害。'),(479,821,'研判與栽培管理有關。 ','其他','五葉松植株，下位葉黃化乾枯，局部根部變褐色腐敗。 '),(480,821,'研判非生物因子所引起。 ','其他','櫻花植株，枝條乾枯，上有孔洞及黑色黴狀物，根部有白色黴狀物，嚴重的整株枯死。 '),(481,821,'褐根病','其他','榕樹地際部之剝落組織，上有褐色網紋，枝梢上葉片黃化，枝條乾枯，地際部局有變褐色有黑色子實體，且有菌絲產生。 '),(482,821,'引起之葉枯病','其他','真柏枝梢，局部針葉變褐色乾枯。 '),(483,821,'引起之真菌性病','真菌','七里香枝梢，葉片黃化，局部枝條乾枯。 '),(484,821,'炭疽病','其他','七里香枝梢，新梢乾枯，葉片變黃易脫落。 '),(485,821,'經組織分離產胞鑑定是為炭疽病','其他','中圓葉尤加利幼苗之莖部有褐色凹陷斑點，嚴重引起上部葉片萎凋。'),(486,821,'經顯微鏡檢是為白粉病','其他','樟樹較幼嫩新芽及葉片之下表皮有白色粉狀物覆蓋，偶爾葉片上表皮也會發生。'),(487,821,'鑑定是為立枯絲核病','真菌','樟樹（幼苗）根部腐爛地際莖部變黑褐色。'),(488,821,'經鑑定是為樟白介殼蟲','害蟲','樟樹枝條及葉片均有白色長型及圓型之昆蟲。'),(489,821,'經鑑定是為剌粉蝨為害。','其他','樟葉片有黃化斑點，葉背有凹陷斑點。'),(490,821,'經組織分離產胞鑑定是為鐮胞菌。','其他','碧血草由下位葉葉片先黑褐化，嚴重者向內蔓延至心芽部，造成整株死亡。'),(491,821,'經鑑定是為藻斑病','其他','竹柏葉片上表皮有凸起綠色粉狀物。'),(492,821,'鑑定是為疫病','其他','竹柏由心葉黑褐化乾枯，會向下蔓延。'),(493,821,'鑑定是為炭疽病','其他','橡樛樹枝條維管束有褐化腐爛現象，於外表皮有凸起裂痕之條斑，裂痕部位凹陷。'),(494,821,'經鑑定是為牡蠣介殼蟲','害蟲','梅花於莖部上佈滿白色之蟲體。'),(495,821,'經顯微鏡鏡檢鑑定是為銹病','其他','金絲桃於葉片下表皮有小型斑點上有橘色之粉狀物。'),(496,821,'經鑑定是樟白介殼蟲','害蟲','樟樹葉片有細小長條型及圓型昆蟲危害。 '),(497,821,'經組織分離產胞鑑定是鐮胞菌危害','其他','鐵樹葉片由下位葉開始黃化，地際莖部凹陷褐化。 '),(498,821,'經鑑定是輪紋病','其他','樟樹及槭樹葉片初期暗褐色小斑點，後漸擴大呈灰白輪紋乾枯斑點，嚴重者落葉。'),(499,821,'經組織分離產胞鑑定是葉枯病','其他','扁柏葉片上有褐色斑點。 '),(500,821,'經解剖顯微鏡鏡檢診斷是白輪盾介殼蟲','害蟲','蘇鐵葉上表皮覆蓋白色粉狀物稍凸起之昆蟲。 '),(501,821,'經組織分離有胞囊產生鑑定是疫病','其他','鐵樹種球，縱切後內部有褐色斑點。 '),(502,821,'經組織分離產胞鑑定是鐮胞菌。 ','其他','福祿桐地際莖部有暗褐色斑，外表皮有流膠，葉片黃化萎凋。 '),(503,821,'經解剖顯微鏡鏡檢鑑定是柑桔粉介殼蟲','害蟲','黃槴新芽葉片有白色昆蟲。 '),(504,821,'經組織分離產胞診斷是炭疽病','其他','七里香由新芽變黑褐色乾枯葉片掉落，會往下莖部蔓延。 '),(505,822,'囓蟲','害蟲','金盞花乾燥花茶 (金盞花、矢車菊、香蜂草) 內有褐色小蟲體和透明橢圓形卵。 '),(506,822,'研判非生物因子引起。 ','其他','瑪格麗特(銀葉黃花)植株，下位葉變褐色乾枯，局部枝梢呈萎凋狀，生長抑制，幼苗時正常生長，植株於接近成株時陸續發生。 '),(507,822,'經組織分離產胞鑑定是鐮胞菌引起之萎凋病','其他','非洲菊地際莖部及根部黑褐化腐爛，葉片由下位葉開始黃化萎凋。 '),(508,822,'鑑定是疫病','其他','雲南菊幼苗葉片由下位葉開始黃化萎凋。'),(509,822,'經組織分離產胞診斷是鐮胞菌危害','其他','雲南菊於地際莖部變黑褐色，嚴重造成植株萎凋死亡。 '),(510,823,'診斷是細菌性病','細菌','野薑花莖部組部長約15公分，縱剖於中心部位變黑褐色軟化腐爛。'),(511,66,'引起之真菌性病','真菌','茶植株，地上部葉片黃化萎凋，根部變黑色，削開地際部木質部已變褐色。'),(512,66,'研判非生物因子引起。','其他','茶葉片上有不規則形黑褐色斑點。'),(513,66,'經鑑定是為粘菌，一般均是通風不','其他','烏龍茶枝條外表被黑色絨毛狀物包裹，嚴重者造成枝條乾枯，葉片萎凋。'),(514,66,'經顯微鏡檢是為茶餅病','其他','茶（烏龍品種）葉片上表皮有凸起之淡黃化斑點，下表皮凹陷深褐色上佈滿白色網狀物。'),(515,66,'經組織分離產胞鑑定是為炭疽病','其他','茶枝條節間有黑色條斑，嚴重時會有斷裂現象。'),(516,66,'菌引起之髮毛病','其他','茶枝條上有細小黑色之絲，捲曲於枝條上，嚴重者枝條會乾枯。'),(517,66,'經鑑定是藻斑病','其他','茶葉片上表皮有圓型凸起淡褐色斑點，大小約0.1~0.6公分。'),(518,66,'經鑑定可能是金龜子或蜂類危害造','其他','茶心葉由葉緣及葉脈間，初期會有凹陷中間變薄後有孔洞。'),(519,66,'經組織分離診斷是褐色圓星病','其他','茶(烏龍)老葉葉片下表皮有局部綠色不定形斑點，嚴重者變褐色大斑點，老葉快速黃化掉落。'),(520,66,'經組織分離產胞鑑定是炭疽病','其他','茶花葉片由葉緣往內變黑褐色乾枯。'),(521,513,'葉&amp;#34766;。','其他','檳榔葉片上有局部黃化褪綠小斑點，葉下表皮有蟲體。'),(522,513,'經組織分離鑑定是為細菌性病','細菌','檳榔地際莖部變黑褐色軟化腐爛有惡臭。'),(523,513,'經組織分離鑑定是為疫病','其他','檳榔植株乾枯死亡，切開莖部變褐色。'),(524,513,'經鑑定是為椰子綴蛾','害蟲','檳榔果穗由末端黑褐化造成花及幼果掉落，嚴重整個黑梗褐變乾枯，上有昆蟲之排泄物。'),(525,513,'診斷是疫病','其他','檳榔植株於地際莖部軟化腐爛，經縱剖莖部組織發現已變暗褐色，會逐漸往上蔓延。'),(526,236,'研判非生物因子所引起。','其他','荖葉藤蔓，葉片變薄，下位葉葉片葉尖葉緣乾枯，上有褐色不規則形斑點，心葉向下捲曲無斑點。'),(527,236,'細菌性角斑病','細菌','荖葉葉片上有褐色塊狀斑點。'),(528,236,'經組織分離產胞鑑定是為萎凋病','其他','荖花由地際莖部變黑色會向上蔓延，嚴重者地上部黃化萎凋。'),(529,236,'經顯微鏡鏡檢鑑定是白粉病','其他','荖花葉片上表皮有不規則黃褐色斑點，斑點上覆蓋白色粉狀物。 '),(530,236,'經組織分離產胞診斷是黑斑病','其他','荖葉葉片從葉尖葉緣變黑褐色乾枯會往下蔓延，交接處有0.1公分黃暈。'),(531,236,'經組織切片鏡檢發現有菌泥鑑定是細菌性病','細菌','荖葉葉片上有不定型黑褐色大斑點。'),(532,236,'鑑定是立枯病','真菌','荖葉地上部葉片黃化萎凋，由下位葉葉片先掉落，地下莖部不定點變黑褐色。'),(533,236,'經組織分離產胞診斷是炭疽病','其他','荖葉莖部外表皮有黑褐色斑點。'),(534,236,'經組織分離診斷是白絹病','其他','荖葉葉片有0.5~1.2公分圓型輪紋狀黑褐色斑點。'),(535,70,'經鏡檢鑑定是為細&amp;#3','其他','紅甘蔗莖表皮會變褐色，對糖度及產量不影響，但影響外觀。'),(536,70,'經組織分離產胞鑑定是鐮胞菌引起之萎凋病','其他','甘蔗種植本田45天開始有點狀式萎凋現象。'),(537,824,'經組織切片鏡檢鑑定是為細菌性病','細菌','荖籐葉片有黑褐色大型之斑點，嚴重者整個葉片腐爛。'),(538,825,'經鑑定是為藻斑病','其他','烏心石葉片上表皮有直徑0.1-0.3公分之黃褐色似圓型斑點。'),(539,180,'有細菌產生是為細菌性病','細菌','高粱地際莖部變深褐色根部腐敗，一週後植株枯死。'),(540,826,'經顯微鏡檢鑑定是為白粉病','其他','茉草於葉片下表皮及幼嫩莖部外表有白色黴狀物。'),(541,273,'菌引起之葉斑病','其他','蘆薈葉片上有黑色凹陷之斑點。'),(542,182,'經顯微鏡檢鑑定是為白粉病','其他','小麥葉片、稈及穗，表面呈圓型或橢圓型稍凸起白色斑點，其上散生黑色小粒。'),(543,827,'稻細&amp;#34766;。','其他','水稻稻穗，局部稻穗和稻桿變黑褐色、穗不稔實。'),(544,827,'白葉枯病','細菌','水稻植株，2欉葉緣變褐色乾枯，莖桿和稻穗局部變褐色， 1欉植株整欉乾枯，地際部腐敗無臭味。'),(545,827,'引起之立枯病','其他','水稻(高雄145)植株，局部劍葉黃化乾枯。'),(546,827,'研判非生物因子所引起。 ','其他','水稻株，於葉鞘部位有紅褐色不規則形斑點。'),(547,827,'雲林莞草','其他','長於水稻田之雜草，欲諮詢是何種植物，如何防治？。'),(548,827,'經鑑定是為小粒菌核病','其他','水稻(台農67號品種)秧苗由下位葉黃化萎凋，嚴重者整株萎凋。'),(549,827,'是細菌性白葉枯病','細菌','水稻葉片由葉尖或葉緣黃化會漸向內蔓延。'),(550,827,'經鑑定是瘤野螟幼蟲','害蟲','水稻葉片上有綠色幼蟲沿葉脈取食其間葉肉，被害葉呈白條狀。'),(551,827,'經鑑定是稻螟蛉幼蟲','害蟲','水稻葉片上有幼蟲取食葉肉剩中脈，明顯影響產量。'),(552,259,'鑑定是為炭疽病','其他','土肉桂於葉片上有黑褐色斑點，直徑0.1～1公分，嚴重時會擴大相互癒合，導致葉片乾枯。'),(553,259,'切開裏面有昆蟲','害蟲','肉桂之莖部（枝條）有孔道。'),(554,828,'是為鐮胞菌引起之萎凋病','其他','肖楠於根部上有白色菌絲。'),(555,828,'經組織分離產胞鑑定是為鐮胞菌引起之萎凋病','其他','肖楠二年生肖楠於地際莖部變黑褐色嚴重者地上部萎凋。'),(556,720,'經組織分離產胞鑑定是為炭疽病','其他','台灣杉植株乾枯死亡。'),(557,720,'經組織分離產胞鑑定是為鐮胞菌為','其他','紅豆杉幼苗地際莖部變黑褐色或由地上部葉片黑褐色。'),(558,829,'是為炭疽病','其他','大葉楠葉片上有褐色小斑點，直徑0.1～0.4公分，外圍有黃化暈環。'),(559,830,'經組織分離及切片鏡檢均發現細菌是為細菌性病','細菌','冬蟲夏草地下塊莖褐變軟化腐爛。'),(560,830,'經組織分離產胞鑑定是鐮胞菌危害','其他','冬蟲夏草地下莖部縱切內部有不定型暗褐化現象。'),(561,831,'經組織分離產胞鑑定是為炭疽病','其他','水黃皮葉片有褐色之小斑點，周圍有黃化現象，嚴重時乾枯。'),(562,837,'研判非生物因子引起。','其他','黑松植株，針葉乾枯，根系生長不佳。'),(563,837,'椿象。','其他','黑松枝梢上捕捉2隻蟲體，是何種昆蟲，如何防治？'),(564,838,'經鑑定是為葉&amp;#347','其他','檜木葉片上有黃化乾枯之現象。'),(565,171,'引起甘藷蔓割病','其他','甘藷欉藤蔓，局部葉片黃化，藤蔓變黑褐色乾枯，縱剖維管束已變色。'),(566,171,'研判非生物因子所引起 。','其他','甘藷地下塊莖，表皮粗糙呈腫瘤狀凸起，縱剖組織未變色。'),(567,171,'引起之病','其他','甘藷藤蔓，葉片黃化，局部蔓莖變褐色乾枯。'),(568,171,'經鑑定是為粘菌。','其他','甘藷葉片下表皮有黑色突起粉狀物，引起葉片黃化。'),(569,171,'經組織分離產胞診斷是鐮胞菌危害','其他','甘藷葉片上、下表皮有直徑0.1公分褐色凹陷圓型班點。'),(570,171,'鑑定是細菌性病','細菌','甘藷地上莖部變黑褐色腐爛且具臭味，嚴重者全株萎凋。'),(571,171,'經組織分離產胞鑑定是炭疽病','其他','甘藷地上莖部變黑褐色凹陷乾枯。'),(572,152,'菌引起之黑心病','其他','山葵葉片有黑褐色似圓型凹陷斑點0.1-0.5公分，葉柄也有黑褐色斑點，嚴重葉片黃化。\n  莖部橫切維管束變黑色。'),(573,832,'經組織分離有腐敗病','其他','草皮(新加坡)根部褐化，地上部葉片枯萎。'),(574,832,'未知狀況','其他','草皮(新加坡) 根部褐化，葉片黃化'),(575,839,'經解剖顯微鏡鏡檢鑑定是為銹&a','其他','柳樹葉片上下表皮有暗紅色突起瘤狀物。 '),(576,6,'白絹病','其他','玉米莖部前期作玉米攪碎乾枯莖桿，上有白色菌絲，且有菌核產生。 '),(577,6,'經鑑定是黑穗病','其他','玉米呈腫瘤狀，於腫瘤裏面有黑色粉狀物。 '),(578,833,'經組織分離產胞診斷是炭疽病','其他','牛樟扦插穗枝條，由下變黑色逐漸往上蔓延。'),(579,151,'經組織分離產胞鑑定是炭疽病','其他','山藥地下塊莖外表皮削開有黑褐化不定型大斑。'),(580,47,'經顯微鏡鏡檢鑑定是白粉病','其他','大豆葉片上表皮有白色粉狀物覆蓋，嚴重造成深褐色壞疽斑。'),(581,296,'鑑定是立枯病','真菌','山防風(中藥藥材)幼苗植株地際莖部變暗褐色，嚴重造成地上部葉片暗褐色萎凋。'),(582,296,'經診斷是白絹病','其他','山防風地際莖部外表皮有白色粗大菌絲。'),(583,840,'經解剖顯微鏡鏡檢發現凹陷果莢內','其他','蘋婆果莢外表皮初期有凹陷小洞，後期擴大成黑褐色凹陷斑點。'),(584,834,'引起之黑斑病','其他','百慕達草，砂土上之草皮植株變褐色乾枯。'),(585,834,'細梗絡石。','其他','梨園之雜草，欲諮詢是何種雜草，該如何防治。');
/*!40000 ALTER TABLE `disease` ENABLE KEYS */;
UNLOCK TABLES;

--
-- Table structure for table `disease_harm_part`
--

DROP TABLE IF EXISTS `disease_harm_part`;
/*!40101 SET @saved_cs_client     = @@character_set_client */;
/*!50503 SET character_set_client = utf8mb4 */;
CREATE TABLE `disease_harm_part` (
  `harm_id` int NOT NULL AUTO_INCREMENT,
  `disease_id` int DEFAULT NULL,
  `harm_part` enum('root','stem','leaf','flower','fruit','plant') DEFAULT NULL,
  `harm_description` text,
  PRIMARY KEY (`harm_id`),
  KEY `disease_id` (`disease_id`),
  KEY `ix_disease_harm_part_harm_id` (`harm_id`),
  CONSTRAINT `disease_harm_part_ibfk_1` FOREIGN KEY (`disease_id`) REFERENCES `disease` (`disease_id`)
) ENGINE=InnoDB AUTO_INCREMENT=773 DEFAULT CHARSET=utf8mb4 COLLATE=utf8mb4_0900_ai_ci;
/*!40101 SET character_set_client = @saved_cs_client */;

--
-- Dumping data for table `disease_harm_part`
--

LOCK TABLES `disease_harm_part` WRITE;
/*!40000 ALTER TABLE `disease_harm_part` DISABLE KEYS */;
INSERT INTO `disease_harm_part` VALUES (1,1,'fruit','自動判定: 果'),(2,1,'flower','自動判定: 花'),(3,2,'root','自動判定: 根'),(4,2,'flower','自動判定: 花'),(5,3,'leaf','自動判定: 葉'),(6,4,'leaf','自動判定: 葉'),(7,5,'leaf','自動判定: 葉'),(8,6,'leaf','自動判定: 葉'),(9,7,'leaf','自動判定: 葉'),(10,8,'stem','自動判定: 莖'),(11,9,'fruit','自動判定: 果'),(12,10,'stem','自動判定: 莖'),(13,11,'fruit','自動判定: 果'),(14,12,'fruit','自動判定: 果'),(15,13,'fruit','自動判定: 果'),(16,14,'leaf','自動判定: 葉'),(17,15,'fruit','自動判定: 果'),(18,16,'leaf','自動判定: 葉'),(19,18,'leaf','自動判定: 葉'),(20,19,'fruit','自動判定: 果'),(21,21,'stem','自動判定: 莖'),(22,22,'stem','自動判定: 莖'),(23,23,'fruit','自動判定: 果'),(24,24,'leaf','自動判定: 葉'),(25,25,'leaf','自動判定: 葉'),(26,26,'leaf','自動判定: 葉'),(27,27,'leaf','自動判定: 葉'),(28,27,'stem','自動判定: 莖'),(29,28,'leaf','自動判定: 葉'),(30,29,'fruit','自動判定: 果'),(31,30,'leaf','自動判定: 葉'),(32,30,'stem','自動判定: 莖'),(33,31,'stem','自動判定: 莖'),(34,32,'leaf','自動判定: 葉'),(35,33,'leaf','自動判定: 葉'),(36,34,'leaf','自動判定: 葉'),(37,35,'leaf','自動判定: 葉'),(38,36,'leaf','自動判定: 葉'),(39,36,'stem','自動判定: 莖'),(40,38,'leaf','自動判定: 葉'),(41,39,'stem','自動判定: 莖'),(42,40,'stem','自動判定: 莖'),(43,41,'leaf','自動判定: 葉'),(44,41,'stem','自動判定: 莖'),(45,42,'stem','自動判定: 莖'),(46,43,'stem','自動判定: 莖'),(47,44,'leaf','自動判定: 葉'),(48,45,'leaf','自動判定: 葉'),(49,45,'stem','自動判定: 莖'),(50,46,'leaf','自動判定: 葉'),(51,46,'stem','自動判定: 莖'),(52,47,'root','自動判定: 根'),(53,48,'leaf','自動判定: 葉'),(54,49,'leaf','自動判定: 葉'),(55,49,'stem','自動判定: 莖'),(56,50,'leaf','自動判定: 葉'),(57,50,'flower','自動判定: 花'),(58,51,'leaf','自動判定: 葉'),(59,51,'flower','自動判定: 花'),(60,52,'flower','自動判定: 花'),(61,53,'leaf','自動判定: 葉'),(62,53,'flower','自動判定: 花'),(63,54,'stem','自動判定: 莖'),(64,54,'flower','自動判定: 花'),(65,55,'leaf','自動判定: 葉'),(66,56,'leaf','自動判定: 葉'),(67,56,'stem','自動判定: 莖'),(68,57,'leaf','自動判定: 葉'),(69,58,'leaf','自動判定: 葉'),(70,59,'stem','自動判定: 莖'),(71,60,'leaf','自動判定: 葉'),(72,61,'leaf','自動判定: 葉'),(73,61,'stem','自動判定: 莖'),(74,62,'leaf','自動判定: 葉'),(75,63,'leaf','自動判定: 葉'),(76,63,'stem','自動判定: 莖'),(77,64,'leaf','自動判定: 葉'),(78,65,'leaf','自動判定: 葉'),(79,66,'leaf','自動判定: 葉'),(80,66,'stem','自動判定: 莖'),(81,67,'leaf','自動判定: 葉'),(82,68,'leaf','自動判定: 葉'),(83,69,'leaf','自動判定: 葉'),(84,70,'leaf','自動判定: 葉'),(85,71,'leaf','自動判定: 葉'),(86,72,'leaf','自動判定: 葉'),(87,72,'root','自動判定: 根'),(88,73,'leaf','自動判定: 葉'),(89,73,'root','自動判定: 根'),(90,73,'stem','自動判定: 莖'),(91,74,'leaf','自動判定: 葉'),(92,75,'root','自動判定: 根'),(93,76,'leaf','自動判定: 葉'),(94,77,'leaf','自動判定: 葉'),(95,77,'stem','自動判定: 莖'),(96,78,'leaf','自動判定: 葉'),(97,79,'fruit','自動判定: 果'),(98,80,'leaf','自動判定: 葉'),(99,81,'leaf','自動判定: 葉'),(100,81,'stem','自動判定: 莖'),(101,82,'leaf','自動判定: 葉'),(102,82,'stem','自動判定: 莖'),(103,83,'leaf','自動判定: 葉'),(104,84,'leaf','自動判定: 葉'),(105,84,'stem','自動判定: 莖'),(106,85,'root','自動判定: 根'),(107,85,'stem','自動判定: 莖'),(108,86,'leaf','自動判定: 葉'),(109,86,'stem','自動判定: 莖'),(110,87,'stem','自動判定: 莖'),(111,88,'leaf','自動判定: 葉'),(112,89,'leaf','自動判定: 葉'),(113,89,'stem','自動判定: 莖'),(114,90,'leaf','自動判定: 葉'),(115,91,'leaf','自動判定: 葉'),(116,92,'leaf','自動判定: 葉'),(117,92,'stem','自動判定: 莖'),(118,93,'leaf','自動判定: 葉'),(119,94,'leaf','自動判定: 葉'),(120,95,'leaf','自動判定: 葉'),(121,95,'root','自動判定: 根'),(122,96,'stem','自動判定: 莖'),(123,97,'leaf','自動判定: 葉'),(124,98,'leaf','自動判定: 葉'),(125,99,'leaf','自動判定: 葉'),(126,100,'leaf','自動判定: 葉'),(127,100,'root','自動判定: 根'),(128,101,'leaf','自動判定: 葉'),(129,102,'leaf','自動判定: 葉'),(130,103,'leaf','自動判定: 葉'),(131,104,'leaf','自動判定: 葉'),(132,104,'root','自動判定: 根'),(133,104,'stem','自動判定: 莖'),(134,105,'leaf','自動判定: 葉'),(135,105,'stem','自動判定: 莖'),(136,106,'leaf','自動判定: 葉'),(137,107,'leaf','自動判定: 葉'),(138,108,'leaf','自動判定: 葉'),(139,108,'root','自動判定: 根'),(140,108,'stem','自動判定: 莖'),(141,109,'leaf','自動判定: 葉'),(142,109,'flower','自動判定: 花'),(143,110,'stem','自動判定: 莖'),(144,110,'flower','自動判定: 花'),(145,111,'leaf','自動判定: 葉'),(146,111,'flower','自動判定: 花'),(147,112,'stem','自動判定: 莖'),(148,112,'flower','自動判定: 花'),(149,113,'stem','自動判定: 莖'),(150,114,'leaf','自動判定: 葉'),(151,114,'stem','自動判定: 莖'),(152,115,'fruit','自動判定: 果'),(153,116,'root','自動判定: 根'),(154,117,'stem','自動判定: 莖'),(155,118,'leaf','自動判定: 葉'),(156,118,'root','自動判定: 根'),(157,118,'stem','自動判定: 莖'),(158,119,'leaf','自動判定: 葉'),(159,119,'root','自動判定: 根'),(160,120,'leaf','自動判定: 葉'),(161,121,'stem','自動判定: 莖'),(162,122,'stem','自動判定: 莖'),(163,123,'leaf','自動判定: 葉'),(164,124,'fruit','自動判定: 果'),(165,125,'leaf','自動判定: 葉'),(166,125,'stem','自動判定: 莖'),(167,126,'leaf','自動判定: 葉'),(168,126,'root','自動判定: 根'),(169,126,'stem','自動判定: 莖'),(170,127,'leaf','自動判定: 葉'),(171,128,'root','自動判定: 根'),(172,128,'stem','自動判定: 莖'),(173,129,'leaf','自動判定: 葉'),(174,130,'leaf','自動判定: 葉'),(175,131,'stem','自動判定: 莖'),(176,132,'leaf','自動判定: 葉'),(177,133,'root','自動判定: 根'),(178,134,'leaf','自動判定: 葉'),(179,135,'leaf','自動判定: 葉'),(180,135,'stem','自動判定: 莖'),(181,136,'fruit','自動判定: 果'),(182,137,'leaf','自動判定: 葉'),(183,138,'leaf','自動判定: 葉'),(184,139,'fruit','自動判定: 果'),(185,140,'stem','自動判定: 莖'),(186,141,'leaf','自動判定: 葉'),(187,142,'leaf','自動判定: 葉'),(188,143,'leaf','自動判定: 葉'),(189,144,'leaf','自動判定: 葉'),(190,145,'leaf','自動判定: 葉'),(191,146,'leaf','自動判定: 葉'),(192,147,'leaf','自動判定: 葉'),(193,148,'stem','自動判定: 莖'),(194,149,'stem','自動判定: 莖'),(195,150,'leaf','自動判定: 葉'),(196,151,'stem','自動判定: 莖'),(197,152,'leaf','自動判定: 葉'),(198,153,'leaf','自動判定: 葉'),(199,154,'leaf','自動判定: 葉'),(200,154,'stem','自動判定: 莖'),(201,155,'fruit','自動判定: 果'),(202,155,'flower','自動判定: 花'),(203,156,'fruit','自動判定: 果'),(204,157,'fruit','自動判定: 果'),(205,158,'stem','自動判定: 莖'),(206,159,'leaf','自動判定: 葉'),(207,160,'leaf','自動判定: 葉'),(208,161,'root','自動判定: 根'),(209,162,'leaf','自動判定: 葉'),(210,162,'root','自動判定: 根'),(211,163,'leaf','自動判定: 葉'),(212,164,'fruit','自動判定: 果'),(213,165,'leaf','自動判定: 葉'),(214,166,'fruit','自動判定: 果'),(215,167,'stem','自動判定: 莖'),(216,168,'leaf','自動判定: 葉'),(217,168,'stem','自動判定: 莖'),(218,169,'leaf','自動判定: 葉'),(219,169,'stem','自動判定: 莖'),(220,170,'leaf','自動判定: 葉'),(221,171,'stem','自動判定: 莖'),(222,172,'leaf','自動判定: 葉'),(223,172,'stem','自動判定: 莖'),(224,173,'leaf','自動判定: 葉'),(225,174,'leaf','自動判定: 葉'),(226,175,'leaf','自動判定: 葉'),(227,175,'stem','自動判定: 莖'),(228,176,'leaf','自動判定: 葉'),(229,176,'root','自動判定: 根'),(230,177,'stem','自動判定: 莖'),(231,178,'leaf','自動判定: 葉'),(232,179,'leaf','自動判定: 葉'),(233,180,'leaf','自動判定: 葉'),(234,181,'leaf','自動判定: 葉'),(235,182,'leaf','自動判定: 葉'),(236,182,'stem','自動判定: 莖'),(237,183,'leaf','自動判定: 葉'),(238,183,'root','自動判定: 根'),(239,183,'stem','自動判定: 莖'),(240,184,'leaf','自動判定: 葉'),(241,184,'root','自動判定: 根'),(242,185,'leaf','自動判定: 葉'),(243,185,'root','自動判定: 根'),(244,186,'stem','自動判定: 莖'),(245,187,'leaf','自動判定: 葉'),(246,189,'leaf','自動判定: 葉'),(247,189,'stem','自動判定: 莖'),(248,190,'leaf','自動判定: 葉'),(249,190,'stem','自動判定: 莖'),(250,191,'leaf','自動判定: 葉'),(251,191,'stem','自動判定: 莖'),(252,192,'stem','自動判定: 莖'),(253,193,'stem','自動判定: 莖'),(254,194,'leaf','自動判定: 葉'),(255,194,'stem','自動判定: 莖'),(256,195,'leaf','自動判定: 葉'),(257,195,'stem','自動判定: 莖'),(258,196,'leaf','自動判定: 葉'),(259,197,'leaf','自動判定: 葉'),(260,198,'stem','自動判定: 莖'),(261,199,'stem','自動判定: 莖'),(262,200,'stem','自動判定: 莖'),(263,200,'flower','自動判定: 花'),(264,201,'stem','自動判定: 莖'),(265,202,'leaf','自動判定: 葉'),(266,203,'leaf','自動判定: 葉'),(267,203,'root','自動判定: 根'),(268,204,'leaf','自動判定: 葉'),(269,204,'stem','自動判定: 莖'),(270,205,'leaf','自動判定: 葉'),(271,205,'stem','自動判定: 莖'),(272,206,'leaf','自動判定: 葉'),(273,207,'stem','自動判定: 莖'),(274,208,'stem','自動判定: 莖'),(275,209,'stem','自動判定: 莖'),(276,211,'leaf','自動判定: 葉'),(277,212,'leaf','自動判定: 葉'),(278,213,'stem','自動判定: 莖'),(279,214,'leaf','自動判定: 葉'),(280,215,'leaf','自動判定: 葉'),(281,215,'stem','自動判定: 莖'),(282,217,'fruit','自動判定: 果'),(283,218,'fruit','自動判定: 果'),(284,220,'fruit','自動判定: 果'),(285,221,'leaf','自動判定: 葉'),(286,222,'fruit','自動判定: 果'),(287,223,'fruit','自動判定: 果'),(288,224,'fruit','自動判定: 果'),(289,225,'leaf','自動判定: 葉'),(290,226,'leaf','自動判定: 葉'),(291,227,'leaf','自動判定: 葉'),(292,226,'fruit','自動判定: 果'),(293,228,'fruit','自動判定: 果'),(294,229,'leaf','自動判定: 葉'),(295,230,'fruit','自動判定: 果'),(296,232,'leaf','自動判定: 葉'),(297,233,'fruit','自動判定: 果'),(298,234,'leaf','自動判定: 葉'),(299,235,'fruit','自動判定: 果'),(300,238,'leaf','自動判定: 葉'),(301,239,'flower','自動判定: 花'),(302,240,'fruit','自動判定: 果'),(303,241,'fruit','自動判定: 果'),(304,242,'fruit','自動判定: 果'),(305,243,'fruit','自動判定: 果'),(306,244,'fruit','自動判定: 果'),(307,245,'fruit','自動判定: 果'),(308,246,'leaf','自動判定: 葉'),(309,246,'fruit','自動判定: 果'),(310,247,'leaf','自動判定: 葉'),(311,247,'fruit','自動判定: 果'),(312,247,'root','自動判定: 根'),(313,248,'fruit','自動判定: 果'),(314,249,'leaf','自動判定: 葉'),(315,249,'fruit','自動判定: 果'),(316,250,'leaf','自動判定: 葉'),(317,250,'fruit','自動判定: 果'),(318,251,'fruit','自動判定: 果'),(319,251,'stem','自動判定: 莖'),(320,252,'leaf','自動判定: 葉'),(321,252,'root','自動判定: 根'),(322,253,'leaf','自動判定: 葉'),(323,254,'fruit','自動判定: 果'),(324,255,'fruit','自動判定: 果'),(325,256,'leaf','自動判定: 葉'),(326,256,'stem','自動判定: 莖'),(327,257,'fruit','自動判定: 果'),(328,258,'fruit','自動判定: 果'),(329,259,'leaf','自動判定: 葉'),(330,260,'fruit','自動判定: 果'),(331,261,'fruit','自動判定: 果'),(332,262,'leaf','自動判定: 葉'),(333,263,'leaf','自動判定: 葉'),(334,263,'stem','自動判定: 莖'),(335,264,'fruit','自動判定: 果'),(336,265,'fruit','自動判定: 果'),(337,266,'fruit','自動判定: 果'),(338,267,'fruit','自動判定: 果'),(339,268,'fruit','自動判定: 果'),(340,269,'fruit','自動判定: 果'),(341,270,'fruit','自動判定: 果'),(342,271,'fruit','自動判定: 果'),(343,272,'fruit','自動判定: 果'),(344,273,'fruit','自動判定: 果'),(345,274,'fruit','自動判定: 果'),(346,275,'leaf','自動判定: 葉'),(347,275,'root','自動判定: 根'),(348,276,'leaf','自動判定: 葉'),(349,276,'root','自動判定: 根'),(350,277,'leaf','自動判定: 葉'),(351,278,'leaf','自動判定: 葉'),(352,279,'leaf','自動判定: 葉'),(353,281,'fruit','自動判定: 果'),(354,282,'fruit','自動判定: 果'),(355,283,'fruit','自動判定: 果'),(356,284,'leaf','自動判定: 葉'),(357,285,'fruit','自動判定: 果'),(358,286,'leaf','自動判定: 葉'),(359,287,'fruit','自動判定: 果'),(360,288,'fruit','自動判定: 果'),(361,289,'leaf','自動判定: 葉'),(362,290,'leaf','自動判定: 葉'),(363,291,'fruit','自動判定: 果'),(364,292,'leaf','自動判定: 葉'),(365,292,'root','自動判定: 根'),(366,293,'fruit','自動判定: 果'),(367,294,'fruit','自動判定: 果'),(368,295,'fruit','自動判定: 果'),(369,296,'fruit','自動判定: 果'),(370,297,'fruit','自動判定: 果'),(371,297,'stem','自動判定: 莖'),(372,296,'stem','自動判定: 莖'),(373,298,'fruit','自動判定: 果'),(374,298,'stem','自動判定: 莖'),(375,299,'fruit','自動判定: 果'),(376,299,'stem','自動判定: 莖'),(377,300,'fruit','自動判定: 果'),(378,300,'flower','自動判定: 花'),(379,301,'leaf','自動判定: 葉'),(380,302,'leaf','自動判定: 葉'),(381,303,'fruit','自動判定: 果'),(382,304,'leaf','自動判定: 葉'),(383,305,'leaf','自動判定: 葉'),(384,305,'stem','自動判定: 莖'),(385,306,'leaf','自動判定: 葉'),(386,306,'root','自動判定: 根'),(387,307,'leaf','自動判定: 葉'),(388,308,'stem','自動判定: 莖'),(389,309,'fruit','自動判定: 果'),(390,310,'fruit','自動判定: 果'),(391,311,'leaf','自動判定: 葉'),(392,311,'fruit','自動判定: 果'),(393,312,'leaf','自動判定: 葉'),(394,312,'fruit','自動判定: 果'),(395,313,'fruit','自動判定: 果'),(396,314,'leaf','自動判定: 葉'),(397,314,'fruit','自動判定: 果'),(398,315,'leaf','自動判定: 葉'),(399,315,'root','自動判定: 根'),(400,316,'fruit','自動判定: 果'),(401,317,'fruit','自動判定: 果'),(402,318,'fruit','自動判定: 果'),(403,319,'fruit','自動判定: 果'),(404,320,'leaf','自動判定: 葉'),(405,321,'fruit','自動判定: 果'),(406,322,'fruit','自動判定: 果'),(407,323,'fruit','自動判定: 果'),(408,324,'stem','自動判定: 莖'),(409,325,'leaf','自動判定: 葉'),(410,325,'stem','自動判定: 莖'),(411,326,'fruit','自動判定: 果'),(412,327,'fruit','自動判定: 果'),(413,328,'leaf','自動判定: 葉'),(414,328,'fruit','自動判定: 果'),(415,329,'leaf','自動判定: 葉'),(416,329,'fruit','自動判定: 果'),(417,330,'fruit','自動判定: 果'),(418,331,'root','自動判定: 根'),(419,332,'leaf','自動判定: 葉'),(420,333,'fruit','自動判定: 果'),(421,335,'fruit','自動判定: 果'),(422,336,'leaf','自動判定: 葉'),(423,337,'fruit','自動判定: 果'),(424,338,'fruit','自動判定: 果'),(425,339,'fruit','自動判定: 果'),(426,339,'flower','自動判定: 花'),(427,340,'leaf','自動判定: 葉'),(428,341,'leaf','自動判定: 葉'),(429,342,'leaf','自動判定: 葉'),(430,344,'fruit','自動判定: 果'),(431,345,'fruit','自動判定: 果'),(432,346,'leaf','自動判定: 葉'),(433,347,'fruit','自動判定: 果'),(434,348,'leaf','自動判定: 葉'),(435,348,'fruit','自動判定: 果'),(436,348,'root','自動判定: 根'),(437,349,'leaf','自動判定: 葉'),(438,350,'leaf','自動判定: 葉'),(439,351,'leaf','自動判定: 葉'),(440,352,'leaf','自動判定: 葉'),(441,353,'fruit','自動判定: 果'),(442,354,'leaf','自動判定: 葉'),(443,355,'leaf','自動判定: 葉'),(444,356,'fruit','自動判定: 果'),(445,357,'leaf','自動判定: 葉'),(446,357,'fruit','自動判定: 果'),(447,358,'leaf','自動判定: 葉'),(448,359,'fruit','自動判定: 果'),(449,359,'flower','自動判定: 花'),(450,360,'leaf','自動判定: 葉'),(451,360,'fruit','自動判定: 果'),(452,360,'flower','自動判定: 花'),(453,362,'leaf','自動判定: 葉'),(454,363,'leaf','自動判定: 葉'),(455,363,'fruit','自動判定: 果'),(456,364,'leaf','自動判定: 葉'),(457,364,'flower','自動判定: 花'),(458,365,'root','自動判定: 根'),(459,366,'root','自動判定: 根'),(460,367,'leaf','自動判定: 葉'),(461,367,'root','自動判定: 根'),(462,367,'stem','自動判定: 莖'),(463,368,'leaf','自動判定: 葉'),(464,368,'root','自動判定: 根'),(465,368,'stem','自動判定: 莖'),(466,369,'leaf','自動判定: 葉'),(467,370,'leaf','自動判定: 葉'),(468,371,'flower','自動判定: 花'),(469,372,'leaf','自動判定: 葉'),(470,373,'stem','自動判定: 莖'),(471,374,'leaf','自動判定: 葉'),(472,374,'stem','自動判定: 莖'),(473,375,'leaf','自動判定: 葉'),(474,376,'leaf','自動判定: 葉'),(475,377,'leaf','自動判定: 葉'),(476,377,'stem','自動判定: 莖'),(477,378,'leaf','自動判定: 葉'),(478,378,'stem','自動判定: 莖'),(479,379,'stem','自動判定: 莖'),(480,379,'flower','自動判定: 花'),(481,381,'flower','自動判定: 花'),(482,382,'flower','自動判定: 花'),(483,383,'leaf','自動判定: 葉'),(484,384,'stem','自動判定: 莖'),(485,384,'flower','自動判定: 花'),(486,385,'stem','自動判定: 莖'),(487,373,'leaf','自動判定: 葉'),(488,386,'leaf','自動判定: 葉'),(489,386,'flower','自動判定: 花'),(490,387,'stem','自動判定: 莖'),(491,388,'leaf','自動判定: 葉'),(492,388,'stem','自動判定: 莖'),(493,380,'leaf','自動判定: 葉'),(494,380,'stem','自動判定: 莖'),(495,380,'flower','自動判定: 花'),(496,389,'leaf','自動判定: 葉'),(497,389,'stem','自動判定: 莖'),(498,389,'flower','自動判定: 花'),(499,390,'leaf','自動判定: 葉'),(500,382,'stem','自動判定: 莖'),(501,391,'leaf','自動判定: 葉'),(502,392,'flower','自動判定: 花'),(503,393,'flower','自動判定: 花'),(504,394,'leaf','自動判定: 葉'),(505,394,'root','自動判定: 根'),(506,395,'leaf','自動判定: 葉'),(507,395,'stem','自動判定: 莖'),(508,377,'root','自動判定: 根'),(509,377,'flower','自動判定: 花'),(510,396,'stem','自動判定: 莖'),(511,397,'stem','自動判定: 莖'),(512,387,'leaf','自動判定: 葉'),(513,387,'flower','自動判定: 花'),(514,398,'leaf','自動判定: 葉'),(515,398,'root','自動判定: 根'),(516,399,'leaf','自動判定: 葉'),(517,399,'root','自動判定: 根'),(518,399,'stem','自動判定: 莖'),(519,400,'flower','自動判定: 花'),(520,401,'leaf','自動判定: 葉'),(521,402,'leaf','自動判定: 葉'),(522,403,'root','自動判定: 根'),(523,403,'flower','自動判定: 花'),(524,404,'leaf','自動判定: 葉'),(525,404,'root','自動判定: 根'),(526,404,'stem','自動判定: 莖'),(527,404,'flower','自動判定: 花'),(528,396,'leaf','自動判定: 葉'),(529,405,'leaf','自動判定: 葉'),(530,406,'leaf','自動判定: 葉'),(531,406,'root','自動判定: 根'),(532,406,'stem','自動判定: 莖'),(533,407,'leaf','自動判定: 葉'),(534,407,'root','自動判定: 根'),(535,408,'leaf','自動判定: 葉'),(536,408,'stem','自動判定: 莖'),(537,409,'leaf','自動判定: 葉'),(538,409,'stem','自動判定: 莖'),(539,410,'leaf','自動判定: 葉'),(540,410,'stem','自動判定: 莖'),(541,411,'stem','自動判定: 莖'),(542,412,'leaf','自動判定: 葉'),(543,412,'root','自動判定: 根'),(544,413,'stem','自動判定: 莖'),(545,414,'leaf','自動判定: 葉'),(546,414,'stem','自動判定: 莖'),(547,414,'flower','自動判定: 花'),(548,415,'leaf','自動判定: 葉'),(549,415,'flower','自動判定: 花'),(550,416,'flower','自動判定: 花'),(551,417,'leaf','自動判定: 葉'),(552,418,'leaf','自動判定: 葉'),(553,418,'stem','自動判定: 莖'),(554,418,'flower','自動判定: 花'),(555,419,'leaf','自動判定: 葉'),(556,419,'stem','自動判定: 莖'),(557,419,'flower','自動判定: 花'),(558,420,'leaf','自動判定: 葉'),(559,420,'flower','自動判定: 花'),(560,421,'leaf','自動判定: 葉'),(561,422,'leaf','自動判定: 葉'),(562,423,'leaf','自動判定: 葉'),(563,423,'root','自動判定: 根'),(564,424,'leaf','自動判定: 葉'),(565,425,'leaf','自動判定: 葉'),(566,425,'root','自動判定: 根'),(567,426,'leaf','自動判定: 葉'),(568,427,'leaf','自動判定: 葉'),(569,429,'leaf','自動判定: 葉'),(570,430,'stem','自動判定: 莖'),(571,430,'leaf','自動判定: 葉'),(572,431,'leaf','自動判定: 葉'),(573,431,'stem','自動判定: 莖'),(574,428,'stem','自動判定: 莖'),(575,428,'flower','自動判定: 花'),(576,432,'leaf','自動判定: 葉'),(577,433,'leaf','自動判定: 葉'),(578,433,'root','自動判定: 根'),(579,427,'flower','自動判定: 花'),(580,435,'stem','自動判定: 莖'),(581,435,'flower','自動判定: 花'),(582,436,'leaf','自動判定: 葉'),(583,436,'flower','自動判定: 花'),(584,437,'stem','自動判定: 莖'),(585,438,'leaf','自動判定: 葉'),(586,438,'flower','自動判定: 花'),(587,440,'leaf','自動判定: 葉'),(588,441,'stem','自動判定: 莖'),(589,442,'stem','自動判定: 莖'),(590,443,'leaf','自動判定: 葉'),(591,444,'leaf','自動判定: 葉'),(592,445,'leaf','自動判定: 葉'),(593,446,'leaf','自動判定: 葉'),(594,447,'leaf','自動判定: 葉'),(595,448,'leaf','自動判定: 葉'),(596,448,'stem','自動判定: 莖'),(597,449,'stem','自動判定: 莖'),(598,450,'leaf','自動判定: 葉'),(599,450,'flower','自動判定: 花'),(600,451,'leaf','自動判定: 葉'),(601,451,'flower','自動判定: 花'),(602,452,'flower','自動判定: 花'),(603,453,'leaf','自動判定: 葉'),(604,453,'stem','自動判定: 莖'),(605,454,'leaf','自動判定: 葉'),(606,454,'flower','自動判定: 花'),(607,455,'leaf','自動判定: 葉'),(608,455,'root','自動判定: 根'),(609,455,'flower','自動判定: 花'),(610,456,'leaf','自動判定: 葉'),(611,456,'root','自動判定: 根'),(612,457,'leaf','自動判定: 葉'),(613,458,'leaf','自動判定: 葉'),(614,458,'flower','自動判定: 花'),(615,459,'root','自動判定: 根'),(616,460,'leaf','自動判定: 葉'),(617,460,'root','自動判定: 根'),(618,460,'flower','自動判定: 花'),(619,461,'stem','自動判定: 莖'),(620,461,'flower','自動判定: 花'),(621,462,'leaf','自動判定: 葉'),(622,462,'flower','自動判定: 花'),(623,463,'leaf','自動判定: 葉'),(624,463,'stem','自動判定: 莖'),(625,463,'flower','自動判定: 花'),(626,464,'leaf','自動判定: 葉'),(627,465,'leaf','自動判定: 葉'),(628,467,'leaf','自動判定: 葉'),(629,468,'stem','自動判定: 莖'),(630,469,'stem','自動判定: 莖'),(631,470,'leaf','自動判定: 葉'),(632,470,'stem','自動判定: 莖'),(633,471,'leaf','自動判定: 葉'),(634,471,'flower','自動判定: 花'),(635,472,'leaf','自動判定: 葉'),(636,472,'flower','自動判定: 花'),(637,473,'leaf','自動判定: 葉'),(638,473,'flower','自動判定: 花'),(639,474,'leaf','自動判定: 葉'),(640,474,'flower','自動判定: 花'),(641,475,'leaf','自動判定: 葉'),(642,475,'stem','自動判定: 莖'),(643,476,'leaf','自動判定: 葉'),(644,476,'stem','自動判定: 莖'),(645,477,'leaf','自動判定: 葉'),(646,478,'leaf','自動判定: 葉'),(647,478,'flower','自動判定: 花'),(648,479,'leaf','自動判定: 葉'),(649,479,'root','自動判定: 根'),(650,480,'root','自動判定: 根'),(651,480,'flower','自動判定: 花'),(652,481,'leaf','自動判定: 葉'),(653,480,'leaf','自動判定: 葉'),(654,482,'leaf','自動判定: 葉'),(655,483,'leaf','自動判定: 葉'),(656,484,'leaf','自動判定: 葉'),(657,485,'leaf','自動判定: 葉'),(658,485,'stem','自動判定: 莖'),(659,486,'leaf','自動判定: 葉'),(660,487,'root','自動判定: 根'),(661,487,'stem','自動判定: 莖'),(662,488,'leaf','自動判定: 葉'),(663,489,'leaf','自動判定: 葉'),(664,490,'leaf','自動判定: 葉'),(665,491,'leaf','自動判定: 葉'),(666,492,'leaf','自動判定: 葉'),(667,494,'stem','自動判定: 莖'),(668,494,'flower','自動判定: 花'),(669,495,'leaf','自動判定: 葉'),(670,496,'leaf','自動判定: 葉'),(671,497,'leaf','自動判定: 葉'),(672,497,'stem','自動判定: 莖'),(673,498,'leaf','自動判定: 葉'),(674,499,'leaf','自動判定: 葉'),(675,500,'leaf','自動判定: 葉'),(676,502,'leaf','自動判定: 葉'),(677,502,'stem','自動判定: 莖'),(678,503,'leaf','自動判定: 葉'),(679,504,'leaf','自動判定: 葉'),(680,504,'stem','自動判定: 莖'),(681,505,'flower','自動判定: 花'),(682,506,'leaf','自動判定: 葉'),(683,506,'flower','自動判定: 花'),(684,507,'leaf','自動判定: 葉'),(685,507,'root','自動判定: 根'),(686,507,'stem','自動判定: 莖'),(687,508,'leaf','自動判定: 葉'),(688,509,'stem','自動判定: 莖'),(689,510,'stem','自動判定: 莖'),(690,510,'flower','自動判定: 花'),(691,511,'leaf','自動判定: 葉'),(692,511,'root','自動判定: 根'),(693,512,'leaf','自動判定: 葉'),(694,513,'leaf','自動判定: 葉'),(695,514,'leaf','自動判定: 葉'),(696,517,'leaf','自動判定: 葉'),(697,518,'leaf','自動判定: 葉'),(698,519,'leaf','自動判定: 葉'),(699,520,'leaf','自動判定: 葉'),(700,520,'flower','自動判定: 花'),(701,521,'leaf','自動判定: 葉'),(702,522,'stem','自動判定: 莖'),(703,523,'stem','自動判定: 莖'),(704,524,'fruit','自動判定: 果'),(705,524,'flower','自動判定: 花'),(706,525,'stem','自動判定: 莖'),(707,526,'leaf','自動判定: 葉'),(708,527,'leaf','自動判定: 葉'),(709,528,'stem','自動判定: 莖'),(710,528,'flower','自動判定: 花'),(711,529,'leaf','自動判定: 葉'),(712,529,'flower','自動判定: 花'),(713,530,'leaf','自動判定: 葉'),(714,531,'leaf','自動判定: 葉'),(715,532,'leaf','自動判定: 葉'),(716,532,'stem','自動判定: 莖'),(717,533,'leaf','自動判定: 葉'),(718,533,'stem','自動判定: 莖'),(719,534,'leaf','自動判定: 葉'),(720,535,'stem','自動判定: 莖'),(721,537,'leaf','自動判定: 葉'),(722,538,'leaf','自動判定: 葉'),(723,539,'root','自動判定: 根'),(724,539,'stem','自動判定: 莖'),(725,540,'leaf','自動判定: 葉'),(726,540,'stem','自動判定: 莖'),(727,541,'leaf','自動判定: 葉'),(728,542,'leaf','自動判定: 葉'),(729,544,'leaf','自動判定: 葉'),(730,544,'stem','自動判定: 莖'),(731,545,'leaf','自動判定: 葉'),(732,546,'leaf','自動判定: 葉'),(733,548,'leaf','自動判定: 葉'),(734,549,'leaf','自動判定: 葉'),(735,550,'leaf','自動判定: 葉'),(736,551,'leaf','自動判定: 葉'),(737,552,'leaf','自動判定: 葉'),(738,553,'stem','自動判定: 莖'),(739,554,'root','自動判定: 根'),(740,555,'stem','自動判定: 莖'),(741,557,'leaf','自動判定: 葉'),(742,557,'stem','自動判定: 莖'),(743,558,'leaf','自動判定: 葉'),(744,559,'stem','自動判定: 莖'),(745,560,'stem','自動判定: 莖'),(746,561,'leaf','自動判定: 葉'),(747,562,'leaf','自動判定: 葉'),(748,562,'root','自動判定: 根'),(749,564,'leaf','自動判定: 葉'),(750,565,'leaf','自動判定: 葉'),(751,566,'stem','自動判定: 莖'),(752,567,'leaf','自動判定: 葉'),(753,567,'stem','自動判定: 莖'),(754,568,'leaf','自動判定: 葉'),(755,569,'leaf','自動判定: 葉'),(756,570,'stem','自動判定: 莖'),(757,571,'stem','自動判定: 莖'),(758,572,'leaf','自動判定: 葉'),(759,572,'stem','自動判定: 莖'),(760,573,'leaf','自動判定: 葉'),(761,573,'root','自動判定: 根'),(762,574,'leaf','自動判定: 葉'),(763,574,'root','自動判定: 根'),(764,574,'stem','自動判定: 莖'),(765,575,'leaf','自動判定: 葉'),(766,576,'stem','自動判定: 莖'),(767,579,'stem','自動判定: 莖'),(768,580,'leaf','自動判定: 葉'),(769,581,'leaf','自動判定: 葉'),(770,581,'stem','自動判定: 莖'),(771,582,'stem','自動判定: 莖'),(772,583,'fruit','自動判定: 果');
/*!40000 ALTER TABLE `disease_harm_part` ENABLE KEYS */;
UNLOCK TABLES;

--
-- Table structure for table `pests`
--

DROP TABLE IF EXISTS `pests`;
/*!40101 SET @saved_cs_client     = @@character_set_client */;
/*!50503 SET character_set_client = utf8mb4 */;
CREATE TABLE `pests` (
  `pest_id` int NOT NULL AUTO_INCREMENT,
  `crop_id` int NOT NULL,
  `pest_name` varchar(100) NOT NULL,
  `affected_part` enum('root','stem','leaf','flower','fruit','plant') DEFAULT NULL,
  `description` text,
  PRIMARY KEY (`pest_id`),
  KEY `crop_id` (`crop_id`),
  CONSTRAINT `pests_ibfk_1` FOREIGN KEY (`crop_id`) REFERENCES `crop` (`crop_id`)
) ENGINE=InnoDB DEFAULT CHARSET=utf8mb4 COLLATE=utf8mb4_0900_ai_ci;
/*!40101 SET character_set_client = @saved_cs_client */;

--
-- Dumping data for table `pests`
--

LOCK TABLES `pests` WRITE;
/*!40000 ALTER TABLE `pests` DISABLE KEYS */;
/*!40000 ALTER TABLE `pests` ENABLE KEYS */;
UNLOCK TABLES;
/*!40103 SET TIME_ZONE=@OLD_TIME_ZONE */;

/*!40101 SET SQL_MODE=@OLD_SQL_MODE */;
/*!40014 SET FOREIGN_KEY_CHECKS=@OLD_FOREIGN_KEY_CHECKS */;
/*!40014 SET UNIQUE_CHECKS=@OLD_UNIQUE_CHECKS */;
/*!40101 SET CHARACTER_SET_CLIENT=@OLD_CHARACTER_SET_CLIENT */;
/*!40101 SET CHARACTER_SET_RESULTS=@OLD_CHARACTER_SET_RESULTS */;
/*!40101 SET COLLATION_CONNECTION=@OLD_COLLATION_CONNECTION */;
/*!40111 SET SQL_NOTES=@OLD_SQL_NOTES */;

-- Dump completed on 2026-01-12 23:24:54
